-- Generated by Craft v2.6.2931 on Sep 19, 2016, 1:25:42 PM.

--
-- Disable foreign key checks and autocommit.
--

SET FOREIGN_KEY_CHECKS = 0;
SET SQL_MODE = "NO_AUTO_VALUE_ON_ZERO";
SET AUTOCOMMIT = 0;
SET NAMES utf8;


DROP TABLE IF EXISTS `craft_assetfiles`;


--
-- Schema for table `craft_assetfiles`
--
CREATE TABLE `craft_assetfiles` (
  `id` int(11) NOT NULL,
  `sourceId` int(11) DEFAULT NULL,
  `folderId` int(11) NOT NULL,
  `filename` varchar(255) COLLATE utf8_unicode_ci NOT NULL,
  `kind` varchar(50) COLLATE utf8_unicode_ci NOT NULL DEFAULT 'unknown',
  `width` int(11) unsigned DEFAULT NULL,
  `height` int(11) unsigned DEFAULT NULL,
  `size` bigint(20) unsigned DEFAULT NULL,
  `dateModified` datetime DEFAULT NULL,
  `dateCreated` datetime NOT NULL,
  `dateUpdated` datetime NOT NULL,
  `uid` char(36) COLLATE utf8_unicode_ci NOT NULL DEFAULT '0',
  PRIMARY KEY (`id`),
  UNIQUE KEY `craft_assetfiles_filename_folderId_unq_idx` (`filename`,`folderId`),
  KEY `craft_assetfiles_sourceId_fk` (`sourceId`),
  KEY `craft_assetfiles_folderId_fk` (`folderId`)
) ENGINE=InnoDB DEFAULT CHARSET=utf8 COLLATE=utf8_unicode_ci;

--
-- Data for table `craft_assetfiles`
--

INSERT INTO `craft_assetfiles` (`id`, `sourceId`, `folderId`, `filename`, `kind`, `width`, `height`, `size`, `dateModified`, `dateCreated`, `dateUpdated`, `uid`) VALUES
 ('4', '1', '1', 'beer-on-table.jpg', 'image', '3264', '1836', '2284343', '2016-09-16 21:07:36', '2016-09-16 21:07:38', '2016-09-16 21:07:38', '53333653-7962-45d4-9465-dab39d15d274'),
 ('11', '1', '1', 'dark-horse-tres-blueberry-stout-2.jpg', 'image', '1200', '800', '626644', '2016-09-16 23:26:14', '2016-09-16 23:26:14', '2016-09-16 23:26:14', '68937a3c-8c76-4ea1-9581-e844d77cf63c'),
 ('13', '1', '1', 'stout.jpg', 'image', '1000', '750', '154367', '2016-09-16 23:27:20', '2016-09-16 23:27:20', '2016-09-16 23:27:20', '5314f8f2-9ef2-4e73-8dc8-1d585471f951');



DROP TABLE IF EXISTS `craft_assetfolders`;


--
-- Schema for table `craft_assetfolders`
--
CREATE TABLE `craft_assetfolders` (
  `id` int(11) NOT NULL AUTO_INCREMENT,
  `parentId` int(11) DEFAULT NULL,
  `sourceId` int(11) DEFAULT NULL,
  `name` varchar(255) COLLATE utf8_unicode_ci NOT NULL,
  `path` varchar(255) COLLATE utf8_unicode_ci DEFAULT NULL,
  `dateCreated` datetime NOT NULL,
  `dateUpdated` datetime NOT NULL,
  `uid` char(36) COLLATE utf8_unicode_ci NOT NULL DEFAULT '0',
  PRIMARY KEY (`id`),
  UNIQUE KEY `craft_assetfolders_name_parentId_sourceId_unq_idx` (`name`,`parentId`,`sourceId`),
  KEY `craft_assetfolders_parentId_fk` (`parentId`),
  KEY `craft_assetfolders_sourceId_fk` (`sourceId`)
) ENGINE=InnoDB AUTO_INCREMENT=5 DEFAULT CHARSET=utf8 COLLATE=utf8_unicode_ci;

--
-- Data for table `craft_assetfolders`
--

INSERT INTO `craft_assetfolders` (`id`, `parentId`, `sourceId`, `name`, `path`, `dateCreated`, `dateUpdated`, `uid`) VALUES
 ('1', NULL, '1', 'Brews', '', '2016-09-16 20:58:03', '2016-09-16 20:58:03', 'f8583c80-e7b7-4e28-b889-3131234cfb28'),
 ('2', NULL, NULL, 'Temporary source', NULL, '2016-09-16 21:06:53', '2016-09-16 21:06:53', '81d9571c-8ba0-43bf-92a1-07d1dc569747'),
 ('3', '2', NULL, 'user_1', NULL, '2016-09-16 21:06:53', '2016-09-16 21:06:53', '8dc127e9-35ba-4b26-91c8-d400d58c5049'),
 ('4', '3', NULL, 'field_5', 'field_5/', '2016-09-16 21:06:53', '2016-09-16 21:06:53', '4f34a249-a528-4219-a8b6-5649918289df');



DROP TABLE IF EXISTS `craft_assetindexdata`;


--
-- Schema for table `craft_assetindexdata`
--
CREATE TABLE `craft_assetindexdata` (
  `id` int(11) NOT NULL AUTO_INCREMENT,
  `sessionId` varchar(36) COLLATE utf8_unicode_ci NOT NULL DEFAULT '',
  `sourceId` int(10) NOT NULL,
  `offset` int(10) NOT NULL,
  `uri` text COLLATE utf8_unicode_ci,
  `size` varchar(255) COLLATE utf8_unicode_ci DEFAULT NULL,
  `recordId` int(10) DEFAULT NULL,
  `dateCreated` datetime NOT NULL,
  `dateUpdated` datetime NOT NULL,
  `uid` char(36) COLLATE utf8_unicode_ci NOT NULL DEFAULT '0',
  PRIMARY KEY (`id`),
  UNIQUE KEY `craft_assetindexdata_sessionId_sourceId_offset_unq_idx` (`sessionId`,`sourceId`,`offset`),
  KEY `craft_assetindexdata_sourceId_fk` (`sourceId`)
) ENGINE=InnoDB DEFAULT CHARSET=utf8 COLLATE=utf8_unicode_ci;

DROP TABLE IF EXISTS `craft_assetsources`;


--
-- Schema for table `craft_assetsources`
--
CREATE TABLE `craft_assetsources` (
  `id` int(11) NOT NULL AUTO_INCREMENT,
  `name` varchar(255) COLLATE utf8_unicode_ci NOT NULL,
  `handle` varchar(255) COLLATE utf8_unicode_ci NOT NULL,
  `type` varchar(150) COLLATE utf8_unicode_ci NOT NULL,
  `settings` text COLLATE utf8_unicode_ci,
  `sortOrder` smallint(6) unsigned DEFAULT NULL,
  `fieldLayoutId` int(10) DEFAULT NULL,
  `dateCreated` datetime NOT NULL,
  `dateUpdated` datetime NOT NULL,
  `uid` char(36) COLLATE utf8_unicode_ci NOT NULL DEFAULT '0',
  PRIMARY KEY (`id`),
  UNIQUE KEY `craft_assetsources_name_unq_idx` (`name`),
  UNIQUE KEY `craft_assetsources_handle_unq_idx` (`handle`),
  KEY `craft_assetsources_fieldLayoutId_fk` (`fieldLayoutId`)
) ENGINE=InnoDB AUTO_INCREMENT=2 DEFAULT CHARSET=utf8 COLLATE=utf8_unicode_ci;

--
-- Data for table `craft_assetsources`
--

INSERT INTO `craft_assetsources` (`id`, `name`, `handle`, `type`, `settings`, `sortOrder`, `fieldLayoutId`, `dateCreated`, `dateUpdated`, `uid`) VALUES
 ('1', 'Brews', 'brews', 'Local', '{\"path\":\"\\/Users\\/Matt\\/Sites\\/crafty-brewery\\/public\\/images\\/brews\\/\",\"publicURLs\":\"1\",\"url\":\"http:\\/\\/localhost:8888\\/images\\/brews\\/\"}', '1', '9', '2016-09-16 20:58:03', '2016-09-16 20:58:03', '0b200863-9d15-459e-b5d7-8b67aaf89f92');



DROP TABLE IF EXISTS `craft_assettransformindex`;


--
-- Schema for table `craft_assettransformindex`
--
CREATE TABLE `craft_assettransformindex` (
  `id` int(11) NOT NULL AUTO_INCREMENT,
  `fileId` int(11) NOT NULL,
  `filename` varchar(255) COLLATE utf8_unicode_ci DEFAULT NULL,
  `format` varchar(255) COLLATE utf8_unicode_ci DEFAULT NULL,
  `location` varchar(255) COLLATE utf8_unicode_ci NOT NULL,
  `sourceId` int(11) DEFAULT NULL,
  `fileExists` tinyint(1) DEFAULT NULL,
  `inProgress` tinyint(1) DEFAULT NULL,
  `dateIndexed` datetime DEFAULT NULL,
  `dateCreated` datetime NOT NULL,
  `dateUpdated` datetime NOT NULL,
  `uid` char(36) COLLATE utf8_unicode_ci NOT NULL DEFAULT '0',
  PRIMARY KEY (`id`),
  KEY `craft_assettransformindex_sourceId_fileId_location_idx` (`sourceId`,`fileId`,`location`)
) ENGINE=InnoDB AUTO_INCREMENT=4 DEFAULT CHARSET=utf8 COLLATE=utf8_unicode_ci;

DROP TABLE IF EXISTS `craft_assettransforms`;


--
-- Schema for table `craft_assettransforms`
--
CREATE TABLE `craft_assettransforms` (
  `id` int(11) NOT NULL AUTO_INCREMENT,
  `name` varchar(255) COLLATE utf8_unicode_ci NOT NULL,
  `handle` varchar(255) COLLATE utf8_unicode_ci NOT NULL,
  `mode` enum('stretch','fit','crop') COLLATE utf8_unicode_ci NOT NULL DEFAULT 'crop',
  `position` enum('top-left','top-center','top-right','center-left','center-center','center-right','bottom-left','bottom-center','bottom-right') COLLATE utf8_unicode_ci NOT NULL DEFAULT 'center-center',
  `height` int(10) DEFAULT NULL,
  `width` int(10) DEFAULT NULL,
  `format` varchar(255) COLLATE utf8_unicode_ci DEFAULT NULL,
  `quality` int(10) DEFAULT NULL,
  `dimensionChangeTime` datetime DEFAULT NULL,
  `dateCreated` datetime NOT NULL,
  `dateUpdated` datetime NOT NULL,
  `uid` char(36) COLLATE utf8_unicode_ci NOT NULL DEFAULT '0',
  PRIMARY KEY (`id`),
  UNIQUE KEY `craft_assettransforms_name_unq_idx` (`name`),
  UNIQUE KEY `craft_assettransforms_handle_unq_idx` (`handle`)
) ENGINE=InnoDB AUTO_INCREMENT=2 DEFAULT CHARSET=utf8 COLLATE=utf8_unicode_ci;

--
-- Data for table `craft_assettransforms`
--

INSERT INTO `craft_assettransforms` (`id`, `name`, `handle`, `mode`, `position`, `height`, `width`, `format`, `quality`, `dimensionChangeTime`, `dateCreated`, `dateUpdated`, `uid`) VALUES
 ('1', 'Homepage Thumb', 'homepageThumb', 'crop', 'center-center', '200', '840', NULL, NULL, '2016-09-16 21:01:59', '2016-09-16 21:01:59', '2016-09-16 21:02:08', 'a5029830-af47-44ff-98ef-1c189f6a15b4');



DROP TABLE IF EXISTS `craft_categories`;


--
-- Schema for table `craft_categories`
--
CREATE TABLE `craft_categories` (
  `id` int(11) NOT NULL,
  `groupId` int(11) NOT NULL,
  `dateCreated` datetime NOT NULL,
  `dateUpdated` datetime NOT NULL,
  `uid` char(36) COLLATE utf8_unicode_ci NOT NULL DEFAULT '0',
  PRIMARY KEY (`id`),
  KEY `craft_categories_groupId_fk` (`groupId`)
) ENGINE=InnoDB DEFAULT CHARSET=utf8 COLLATE=utf8_unicode_ci;

DROP TABLE IF EXISTS `craft_categorygroups`;


--
-- Schema for table `craft_categorygroups`
--
CREATE TABLE `craft_categorygroups` (
  `id` int(11) NOT NULL AUTO_INCREMENT,
  `structureId` int(11) NOT NULL,
  `fieldLayoutId` int(11) DEFAULT NULL,
  `name` varchar(255) COLLATE utf8_unicode_ci NOT NULL,
  `handle` varchar(255) COLLATE utf8_unicode_ci NOT NULL,
  `hasUrls` tinyint(1) unsigned NOT NULL DEFAULT '1',
  `template` varchar(500) COLLATE utf8_unicode_ci DEFAULT NULL,
  `dateCreated` datetime NOT NULL,
  `dateUpdated` datetime NOT NULL,
  `uid` char(36) COLLATE utf8_unicode_ci NOT NULL DEFAULT '0',
  PRIMARY KEY (`id`),
  UNIQUE KEY `craft_categorygroups_name_unq_idx` (`name`),
  UNIQUE KEY `craft_categorygroups_handle_unq_idx` (`handle`),
  KEY `craft_categorygroups_structureId_fk` (`structureId`),
  KEY `craft_categorygroups_fieldLayoutId_fk` (`fieldLayoutId`)
) ENGINE=InnoDB DEFAULT CHARSET=utf8 COLLATE=utf8_unicode_ci;

DROP TABLE IF EXISTS `craft_categorygroups_i18n`;


--
-- Schema for table `craft_categorygroups_i18n`
--
CREATE TABLE `craft_categorygroups_i18n` (
  `id` int(11) NOT NULL AUTO_INCREMENT,
  `groupId` int(11) NOT NULL,
  `locale` char(12) COLLATE utf8_unicode_ci NOT NULL,
  `urlFormat` text COLLATE utf8_unicode_ci,
  `nestedUrlFormat` text COLLATE utf8_unicode_ci,
  `dateCreated` datetime NOT NULL,
  `dateUpdated` datetime NOT NULL,
  `uid` char(36) COLLATE utf8_unicode_ci NOT NULL DEFAULT '0',
  PRIMARY KEY (`id`),
  UNIQUE KEY `craft_categorygroups_i18n_groupId_locale_unq_idx` (`groupId`,`locale`),
  KEY `craft_categorygroups_i18n_locale_fk` (`locale`)
) ENGINE=InnoDB DEFAULT CHARSET=utf8 COLLATE=utf8_unicode_ci;

DROP TABLE IF EXISTS `craft_content`;


--
-- Schema for table `craft_content`
--
CREATE TABLE `craft_content` (
  `id` int(11) NOT NULL AUTO_INCREMENT,
  `elementId` int(11) NOT NULL,
  `locale` char(12) COLLATE utf8_unicode_ci NOT NULL,
  `title` varchar(255) COLLATE utf8_unicode_ci DEFAULT NULL,
  `field_body` text COLLATE utf8_unicode_ci,
  `field_introduction` text COLLATE utf8_unicode_ci,
  `field_pageCopy` text COLLATE utf8_unicode_ci,
  `field_tagline` text COLLATE utf8_unicode_ci,
  `field_buttonCollection` text COLLATE utf8_unicode_ci,
  `field_brewDate` datetime DEFAULT NULL,
  `dateCreated` datetime NOT NULL,
  `dateUpdated` datetime NOT NULL,
  `uid` char(36) COLLATE utf8_unicode_ci NOT NULL DEFAULT '0',
  PRIMARY KEY (`id`),
  UNIQUE KEY `craft_content_elementId_locale_unq_idx` (`elementId`,`locale`),
  KEY `craft_content_title_idx` (`title`),
  KEY `craft_content_locale_fk` (`locale`)
) ENGINE=InnoDB AUTO_INCREMENT=18 DEFAULT CHARSET=utf8 COLLATE=utf8_unicode_ci;

--
-- Data for table `craft_content`
--

INSERT INTO `craft_content` (`id`, `elementId`, `locale`, `title`, `field_body`, `field_introduction`, `field_pageCopy`, `field_tagline`, `field_buttonCollection`, `field_brewDate`, `dateCreated`, `dateUpdated`, `uid`) VALUES
 ('1', '1', 'en_us', NULL, NULL, NULL, NULL, NULL, NULL, NULL, '2016-08-26 20:56:33', '2016-08-26 21:13:50', '16d7304d-4a63-4d2c-b724-c1a501e9ecea'),
 ('2', '2', 'en_us', 'Crafty Brewery', '<p>It’s true, this site doesn’t have a whole lot of content yet, but don’t worry. Our web developers have just installed the CMS, and they’re setting things up for the content editors this very moment. Soon Localhost will be an oasis of fresh perspectives, sharp analyses, and astute opinions that will keep you coming back again and again.</p>', NULL, NULL, 'If we wrote it down, you can brew it at home. Whoo!', '[{\"col1\":\"See Our Brews\",\"col2\":\"\\/brews\"},{\"col1\":\"Brew Our Brews\",\"col2\":\"\\/recipes\"}]', NULL, '2016-08-26 20:56:36', '2016-09-18 20:18:17', 'bdc61fca-eaca-4233-8337-8cda1966807f'),
 ('3', '3', 'en_us', 'We just installed Craft!', '<p>Craft is the CMS that’s powering Localhost. It’s beautiful, powerful, flexible, and easy-to-use, and it’s made by Pixel &amp; Tonic. We can’t wait to dive in and see what it’s capable of!</p>\n\n<!--pagebreak-->\n\n<p>This is even more captivating content, which you couldn’t see on the News index page because it was entered after a Page Break, and the News index template only likes to show the content on the first page.</p>\n\n<p>Craft: a nice alternative to Word, if you’re making a website.</p>', '<p>Intro lorem ipsum.</p>', NULL, NULL, NULL, NULL, '2016-08-26 20:56:36', '2016-09-16 20:36:50', '88eced03-776f-42eb-a8ab-847c06cc6de1'),
 ('4', '4', 'en_us', 'Beer On Table', NULL, NULL, NULL, NULL, NULL, NULL, '2016-09-16 21:07:37', '2016-09-16 21:07:37', 'a6d4292a-eab2-4d4e-81dd-e60db2beee2d'),
 ('5', '5', 'en_us', 'Victory Hop Brew', NULL, '<p>Intro lorem ipsum</p>', '<p>Lorem ipsum dolor sit amet, urna vestibulum quod accumsan, sed donec risus semper libero, orci hendrerit, amet commodo nonummy sodales, gravida placerat. Augue id pulvinar consequat congue. Eros nam felis id nascetur eu mauris, tempor nulla molestiae felis in, nec volutpat phasellus ipsum. Ligula vehicula vel cras elit justo in, aenean quasi nonummy venenatis natoque integer, lectus neque nam lacinia parturient tellus. Suspendisse arcu, magna cras quam orci, phasellus sollicitudin fusce blandit quis, enim arcu pellentesque id. Libero molestie ipsum arcu rutrum. Nulla donec rhoncus neque sociis, quam fames varius, ultrices fringilla nonummy, cursus mauris placerat tortor, in ligula in ligula curabitur. Ut nullam neque nibh suspendisse neque, ligula luctus cras eu dapibus, magna taciti nulla diam pellentesque, euismod feugiat purus.</p>', NULL, NULL, '2009-04-16 00:00:00', '2016-09-16 21:08:41', '2016-09-18 22:04:40', 'f9d89c5a-fbe9-476b-a7a9-39240ca7fe9d'),
 ('6', '6', 'en_us', 'About Crafty Brewery', '<p>Lorem ipsum dolor sit amet, urna vestibulum quod accumsan, sed donec risus semper libero, orci hendrerit, amet commodo nonummy sodales, gravida placerat. Augue id pulvinar consequat congue. Eros nam felis id nascetur eu mauris, tempor nulla molestiae felis in, nec volutpat phasellus ipsum. Ligula vehicula vel cras elit justo in, aenean quasi nonummy venenatis natoque integer, lectus neque nam lacinia parturient tellus. Suspendisse arcu, magna cras quam orci, phasellus sollicitudin fusce blandit quis, enim arcu pellentesque id. Libero molestie ipsum arcu rutrum. Nulla donec rhoncus neque sociis, quam fames varius, ultrices fringilla nonummy, cursus mauris placerat tortor, in ligula in ligula curabitur. Ut nullam neque nibh suspendisse neque, ligula luctus cras eu dapibus, magna taciti nulla diam pellentesque, euismod feugiat purus.</p>', NULL, NULL, NULL, NULL, NULL, '2016-09-16 21:16:39', '2016-09-16 21:16:39', 'af4b7834-ee7c-4802-9ba8-40f8dfa17a55'),
 ('7', '7', 'en_us', 'Offices', '<p>Lorem ipsum dolor sit amet, urna vestibulum quod accumsan, sed donec risus semper libero, orci hendrerit, amet commodo nonummy sodales, gravida placerat. Augue id pulvinar consequat congue. Eros nam felis id nascetur eu mauris, tempor nulla molestiae felis in, nec volutpat phasellus ipsum. Ligula vehicula vel cras elit justo in, aenean quasi nonummy venenatis natoque integer, lectus neque nam lacinia parturient tellus. Suspendisse arcu, magna cras quam orci, phasellus sollicitudin fusce blandit quis, enim arcu pellentesque id. Libero molestie ipsum arcu rutrum. Nulla donec rhoncus neque sociis, quam fames varius, ultrices fringilla nonummy, cursus mauris placerat tortor, in ligula in ligula curabitur. Ut nullam neque nibh suspendisse neque, ligula luctus cras eu dapibus, magna taciti nulla diam pellentesque, euismod feugiat purus.</p>', NULL, NULL, NULL, NULL, NULL, '2016-09-16 21:17:03', '2016-09-16 21:17:03', '90c0d4e5-ad97-4068-b237-2e80f5032a64'),
 ('8', '8', 'en_us', 'Austin TX Office', '<p>Lorem ipsum dolor sit amet, urna vestibulum quod accumsan, sed donec risus semper libero, orci hendrerit, amet commodo nonummy sodales, gravida placerat. Augue id pulvinar consequat congue. Eros nam felis id nascetur eu mauris, tempor nulla molestiae felis in, nec volutpat phasellus ipsum. Ligula vehicula vel cras elit justo in, aenean quasi nonummy venenatis natoque integer, lectus neque nam lacinia parturient tellus. Suspendisse arcu, magna cras quam orci, phasellus sollicitudin fusce blandit quis, enim arcu pellentesque id. Libero molestie ipsum arcu rutrum. Nulla donec rhoncus neque sociis, quam fames varius, ultrices fringilla nonummy, cursus mauris placerat tortor, in ligula in ligula curabitur. Ut nullam neque nibh suspendisse neque, ligula luctus cras eu dapibus, magna taciti nulla diam pellentesque, euismod feugiat purus.</p>', NULL, NULL, NULL, NULL, NULL, '2016-09-16 21:17:30', '2016-09-16 21:17:30', '5e3c8b46-6a00-4a5e-910b-51f043f137f3'),
 ('9', '9', 'en_us', 'Team', '<p>Lorem ipsum dolor sit amet, urna vestibulum quod accumsan, sed donec risus semper libero, orci hendrerit, amet commodo nonummy sodales, gravida placerat. Augue id pulvinar consequat congue. Eros nam felis id nascetur eu mauris, tempor nulla molestiae felis in, nec volutpat phasellus ipsum. Ligula vehicula vel cras elit justo in, aenean quasi nonummy venenatis natoque integer, lectus neque nam lacinia parturient tellus. Suspendisse arcu, magna cras quam orci, phasellus sollicitudin fusce blandit quis, enim arcu pellentesque id. Libero molestie ipsum arcu rutrum. Nulla donec rhoncus neque sociis, quam fames varius, ultrices fringilla nonummy, cursus mauris placerat tortor, in ligula in ligula curabitur. Ut nullam neque nibh suspendisse neque, ligula luctus cras eu dapibus, magna taciti nulla diam pellentesque, euismod feugiat purus.</p>', NULL, NULL, NULL, NULL, NULL, '2016-09-16 21:18:28', '2016-09-16 21:18:28', '63d5f3e1-7be9-410d-aae9-b34ecb6d4011'),
 ('10', '10', 'en_us', 'John Doe', '<p>Lorem ipsum dolor sit amet, urna vestibulum quod accumsan, sed donec risus semper libero, orci hendrerit, amet commodo nonummy sodales, gravida placerat. Augue id pulvinar consequat congue. Eros nam felis id nascetur eu mauris, tempor nulla molestiae felis in, nec volutpat phasellus ipsum. Ligula vehicula vel cras elit justo in, aenean quasi nonummy venenatis natoque integer, lectus neque nam lacinia parturient tellus. Suspendisse arcu, magna cras quam orci, phasellus sollicitudin fusce blandit quis, enim arcu pellentesque id. Libero molestie ipsum arcu rutrum. Nulla donec rhoncus neque sociis, quam fames varius, ultrices fringilla nonummy, cursus mauris placerat tortor, in ligula in ligula curabitur. Ut nullam neque nibh suspendisse neque, ligula luctus cras eu dapibus, magna taciti nulla diam pellentesque, euismod feugiat purus.</p>', NULL, NULL, NULL, NULL, NULL, '2016-09-16 21:18:36', '2016-09-16 21:19:04', 'bdef0e86-1fb1-444e-ac7e-3bd8372dc252'),
 ('11', '11', 'en_us', 'Dark Horse Tres Blueberry Stout 2', NULL, NULL, NULL, NULL, NULL, NULL, '2016-09-16 23:26:14', '2016-09-16 23:26:14', '1fcd6351-9005-44c3-97db-265809d2304f'),
 ('12', '12', 'en_us', 'Unabridged Stout', NULL, '<p>Intro lorem ipsum</p>', '<p>Lorem ipsum dolor sit amet, urna vestibulum quod accumsan, sed donec risus semper libero, orci hendrerit, amet commodo nonummy sodales, gravida placerat. Augue id pulvinar consequat congue. Eros nam felis id nascetur eu mauris, tempor nulla molestiae felis in, nec volutpat phasellus ipsum. Ligula vehicula vel cras elit justo in, aenean quasi nonummy venenatis natoque integer, lectus neque nam lacinia parturient tellus. Suspendisse arcu, magna cras quam orci, phasellus sollicitudin fusce blandit quis, enim arcu pellentesque id. Libero molestie ipsum arcu rutrum. Nulla donec rhoncus neque sociis, quam fames varius, ultrices fringilla nonummy, cursus mauris placerat tortor, in ligula in ligula curabitur. Ut nullam neque nibh suspendisse neque, ligula luctus cras eu dapibus, magna taciti nulla diam pellentesque, euismod feugiat purus.</p>', NULL, NULL, '2015-08-20 00:00:00', '2016-09-16 23:26:50', '2016-09-18 22:04:25', '9444a8a2-81f3-4b2e-9e13-9a6345315a67'),
 ('13', '13', 'en_us', 'Stout', NULL, NULL, NULL, NULL, NULL, NULL, '2016-09-16 23:27:20', '2016-09-16 23:27:20', '7a5da038-725d-4658-bc26-feaeb23a712d'),
 ('14', '14', 'en_us', 'Mystery Brew', NULL, '<p>Intro lorem ipsum</p>', '<p>Lorem ipsum dolor sit amet, urna vestibulum quod accumsan, sed donec risus semper libero, orci hendrerit, amet commodo nonummy sodales, gravida placerat. Augue id pulvinar consequat congue. Eros nam felis id nascetur eu mauris, tempor nulla molestiae felis in, nec volutpat phasellus ipsum. Ligula vehicula vel cras elit justo in, aenean quasi nonummy venenatis natoque integer, lectus neque nam lacinia parturient tellus. Suspendisse arcu, magna cras quam orci, phasellus sollicitudin fusce blandit quis, enim arcu pellentesque id. Libero molestie ipsum arcu rutrum. Nulla donec rhoncus neque sociis, quam fames varius, ultrices fringilla nonummy, cursus mauris placerat tortor, in ligula in ligula curabitur. Ut nullam neque nibh suspendisse neque, ligula luctus cras eu dapibus, magna taciti nulla diam pellentesque, euismod feugiat purus.</p>', NULL, NULL, '2015-02-12 00:00:00', '2016-09-16 23:27:27', '2016-09-18 22:04:09', '013bc0f0-cd6f-40f2-82e9-f6b6d26e8e7e'),
 ('15', '15', 'en_us', 'Second News Item', '<p>Lorem ipsum dolor sit amet, urna vestibulum quod accumsan, sed donec risus semper libero, orci hendrerit, amet commodo nonummy sodales, gravida placerat. Augue id pulvinar consequat congue. Eros nam felis id nascetur eu mauris, tempor nulla molestiae felis in, nec volutpat phasellus ipsum. Ligula vehicula vel cras elit justo in, aenean quasi nonummy venenatis natoque integer, lectus neque nam lacinia parturient tellus. Suspendisse arcu, magna cras quam orci, phasellus sollicitudin fusce blandit quis, enim arcu pellentesque id. Libero molestie ipsum arcu rutrum. Nulla donec rhoncus neque sociis, quam fames varius, ultrices fringilla nonummy, cursus mauris placerat tortor, in ligula in ligula curabitur. Ut nullam neque nibh suspendisse neque, ligula luctus cras eu dapibus, magna taciti nulla diam pellentesque, euismod feugiat purus.</p>', '<p>Lorem ipsum dolor sit amet, urna vestibulum quod accumsan, sed donec risus semper libero, orci hendrerit, amet commodo nonummy sodales, gravida placerat.</p>', NULL, NULL, NULL, NULL, '2016-09-17 20:26:17', '2016-09-17 20:26:17', 'b9fdd0ff-726f-4931-98aa-e1543ff3e396'),
 ('16', '16', 'en_us', 'Third News Item', '<p>Lorem ipsum dolor sit amet, urna vestibulum quod accumsan, sed donec risus semper libero, orci hendrerit, amet commodo nonummy sodales, gravida placerat. Augue id pulvinar consequat congue. Eros nam felis id nascetur eu mauris, tempor nulla molestiae felis in, nec volutpat phasellus ipsum. Ligula vehicula vel cras elit justo in, aenean quasi nonummy venenatis natoque integer, lectus neque nam lacinia parturient tellus. Suspendisse arcu, magna cras quam orci, phasellus sollicitudin fusce blandit quis, enim arcu pellentesque id. Libero molestie ipsum arcu rutrum. Nulla donec rhoncus neque sociis, quam fames varius, ultrices fringilla nonummy, cursus mauris placerat tortor, in ligula in ligula curabitur. Ut nullam neque nibh suspendisse neque, ligula luctus cras eu dapibus, magna taciti nulla diam pellentesque, euismod feugiat purus.</p>', '<p>Augue id pulvinar consequat congue. Eros nam felis id nascetur eu mauris, tempor nulla molestiae felis in, nec volutpat phasellus ipsum.</p>', NULL, NULL, NULL, NULL, '2016-09-17 20:26:41', '2016-09-17 20:26:47', '403a9af8-ee6a-4a0e-bf30-9d16159c2390'),
 ('17', '17', 'en_us', 'Fourth News Item', '<p>Lorem ipsum dolor sit amet, urna vestibulum quod accumsan, sed donec risus semper libero, orci hendrerit, amet commodo nonummy sodales, gravida placerat. Augue id pulvinar consequat congue. Eros nam felis id nascetur eu mauris, tempor nulla molestiae felis in, nec volutpat phasellus ipsum. Ligula vehicula vel cras elit justo in, aenean quasi nonummy venenatis natoque integer, lectus neque nam lacinia parturient tellus. Suspendisse arcu, magna cras quam orci, phasellus sollicitudin fusce blandit quis, enim arcu pellentesque id. Libero molestie ipsum arcu rutrum. Nulla donec rhoncus neque sociis, quam fames varius, ultrices fringilla nonummy, cursus mauris placerat tortor, in ligula in ligula curabitur. Ut nullam neque nibh suspendisse neque, ligula luctus cras eu dapibus, magna taciti nulla diam pellentesque, euismod feugiat purus.</p>', '<p>Nulla donec rhoncus neque sociis, quam fames varius, ultrices fringilla nonummy, cursus mauris placerat tortor, in ligula in ligula curabitur. </p>', NULL, NULL, NULL, NULL, '2016-09-17 20:27:10', '2016-09-17 20:27:10', '8fa0174c-4e8b-4d38-b24f-e13caafdce82');



DROP TABLE IF EXISTS `craft_deprecationerrors`;


--
-- Schema for table `craft_deprecationerrors`
--
CREATE TABLE `craft_deprecationerrors` (
  `id` int(11) NOT NULL AUTO_INCREMENT,
  `key` varchar(255) COLLATE utf8_unicode_ci NOT NULL,
  `fingerprint` varchar(255) COLLATE utf8_unicode_ci NOT NULL,
  `lastOccurrence` datetime NOT NULL,
  `file` varchar(255) COLLATE utf8_unicode_ci NOT NULL,
  `line` smallint(6) unsigned NOT NULL,
  `class` varchar(255) COLLATE utf8_unicode_ci DEFAULT NULL,
  `method` varchar(255) COLLATE utf8_unicode_ci DEFAULT NULL,
  `template` varchar(255) COLLATE utf8_unicode_ci DEFAULT NULL,
  `templateLine` smallint(6) unsigned DEFAULT NULL,
  `message` varchar(255) COLLATE utf8_unicode_ci DEFAULT NULL,
  `traces` text COLLATE utf8_unicode_ci,
  `dateCreated` datetime NOT NULL,
  `dateUpdated` datetime NOT NULL,
  `uid` char(36) COLLATE utf8_unicode_ci NOT NULL DEFAULT '0',
  PRIMARY KEY (`id`),
  UNIQUE KEY `craft_deprecationerrors_key_fingerprint_unq_idx` (`key`,`fingerprint`)
) ENGINE=InnoDB DEFAULT CHARSET=utf8 COLLATE=utf8_unicode_ci;

DROP TABLE IF EXISTS `craft_elementindexsettings`;


--
-- Schema for table `craft_elementindexsettings`
--
CREATE TABLE `craft_elementindexsettings` (
  `id` int(11) NOT NULL AUTO_INCREMENT,
  `type` varchar(150) COLLATE utf8_unicode_ci NOT NULL,
  `settings` text COLLATE utf8_unicode_ci,
  `dateCreated` datetime NOT NULL,
  `dateUpdated` datetime NOT NULL,
  `uid` char(36) COLLATE utf8_unicode_ci NOT NULL DEFAULT '0',
  PRIMARY KEY (`id`),
  UNIQUE KEY `craft_elementindexsettings_type_unq_idx` (`type`)
) ENGINE=InnoDB AUTO_INCREMENT=2 DEFAULT CHARSET=utf8 COLLATE=utf8_unicode_ci;

--
-- Data for table `craft_elementindexsettings`
--

INSERT INTO `craft_elementindexsettings` (`id`, `type`, `settings`, `dateCreated`, `dateUpdated`, `uid`) VALUES
 ('1', 'Entry', '{\"sources\":{\"*\":{\"tableAttributes\":{\"1\":\"section\",\"2\":\"postDate\",\"3\":\"link\",\"4\":\"type\",\"5\":\"uri\",\"6\":\"field:2\"}}}}', '2016-08-26 21:09:30', '2016-08-26 21:09:53', '2d0d74dd-a955-489a-a4d5-2c77ac9e9523');



DROP TABLE IF EXISTS `craft_elements`;


--
-- Schema for table `craft_elements`
--
CREATE TABLE `craft_elements` (
  `id` int(11) NOT NULL AUTO_INCREMENT,
  `type` varchar(150) COLLATE utf8_unicode_ci NOT NULL,
  `enabled` tinyint(1) unsigned NOT NULL DEFAULT '1',
  `archived` tinyint(1) unsigned NOT NULL DEFAULT '0',
  `dateCreated` datetime NOT NULL,
  `dateUpdated` datetime NOT NULL,
  `uid` char(36) COLLATE utf8_unicode_ci NOT NULL DEFAULT '0',
  PRIMARY KEY (`id`),
  KEY `craft_elements_type_idx` (`type`),
  KEY `craft_elements_enabled_idx` (`enabled`),
  KEY `craft_elements_archived_dateCreated_idx` (`archived`,`dateCreated`)
) ENGINE=InnoDB AUTO_INCREMENT=18 DEFAULT CHARSET=utf8 COLLATE=utf8_unicode_ci;

--
-- Data for table `craft_elements`
--

INSERT INTO `craft_elements` (`id`, `type`, `enabled`, `archived`, `dateCreated`, `dateUpdated`, `uid`) VALUES
 ('1', 'User', '1', '0', '2016-08-26 20:56:33', '2016-08-26 21:13:50', '85a028bb-07e0-45b5-b94b-e1a774975f30'),
 ('2', 'Entry', '1', '0', '2016-08-26 20:56:36', '2016-09-18 20:18:17', '0ecdd9c8-25c1-4c1f-8fbe-41bf48090033'),
 ('3', 'Entry', '1', '0', '2016-08-26 20:56:36', '2016-09-16 20:36:50', '49248a0c-1ffb-42bc-a773-e033e5dc67c4'),
 ('4', 'Asset', '1', '0', '2016-09-16 21:07:37', '2016-09-16 21:07:37', '74f287c0-3860-41d6-aa9b-506e4990d52b'),
 ('5', 'Entry', '1', '0', '2016-09-16 21:08:41', '2016-09-18 22:04:40', 'd7e11670-14a7-4219-b25b-9ed7e17a6808'),
 ('6', 'Entry', '1', '0', '2016-09-16 21:16:39', '2016-09-16 21:16:39', '686b4bc1-0142-465f-8516-21f0f8ca050b'),
 ('7', 'Entry', '1', '0', '2016-09-16 21:17:03', '2016-09-16 21:17:03', '3ef4c2f7-2177-4c3e-a5a3-275a69a913b5'),
 ('8', 'Entry', '1', '0', '2016-09-16 21:17:30', '2016-09-16 21:17:30', '1b6157bb-86da-435c-8ff1-b59f70d8b062'),
 ('9', 'Entry', '1', '0', '2016-09-16 21:18:28', '2016-09-16 21:18:28', 'fb98215c-70ab-4f7e-90cd-68e0d721590b'),
 ('10', 'Entry', '1', '0', '2016-09-16 21:18:36', '2016-09-16 21:19:04', '4cd3c1e3-867c-460b-babb-c4314120f105'),
 ('11', 'Asset', '1', '0', '2016-09-16 23:26:14', '2016-09-16 23:26:14', '5fbf09cf-17fb-4cd4-9069-657dba08eb5f'),
 ('12', 'Entry', '1', '0', '2016-09-16 23:26:50', '2016-09-18 22:04:25', '8d7be65c-68aa-4bc0-a49f-75912727843e'),
 ('13', 'Asset', '1', '0', '2016-09-16 23:27:20', '2016-09-16 23:27:20', '5de0cf58-3045-4f6d-b1cc-e94760c14106'),
 ('14', 'Entry', '1', '0', '2016-09-16 23:27:27', '2016-09-18 22:04:09', '669dfb74-8473-464e-abea-a0d2d0e733e8'),
 ('15', 'Entry', '1', '0', '2016-09-17 20:26:17', '2016-09-17 20:26:17', '902afec7-5bdf-4a1d-8a70-aa5dbde5b7f0'),
 ('16', 'Entry', '1', '0', '2016-09-17 20:26:41', '2016-09-17 20:26:47', '4dc5a534-b5ca-4e51-9fc9-ab36a3f9601d'),
 ('17', 'Entry', '1', '0', '2016-09-17 20:27:10', '2016-09-17 20:27:10', '0771c195-63e1-4ae0-9d8f-fb98fffd9fc5');



DROP TABLE IF EXISTS `craft_elements_i18n`;


--
-- Schema for table `craft_elements_i18n`
--
CREATE TABLE `craft_elements_i18n` (
  `id` int(11) NOT NULL AUTO_INCREMENT,
  `elementId` int(11) NOT NULL,
  `locale` char(12) COLLATE utf8_unicode_ci NOT NULL,
  `slug` varchar(255) COLLATE utf8_unicode_ci DEFAULT NULL,
  `uri` varchar(255) COLLATE utf8_unicode_ci DEFAULT NULL,
  `enabled` tinyint(1) unsigned NOT NULL DEFAULT '1',
  `dateCreated` datetime NOT NULL,
  `dateUpdated` datetime NOT NULL,
  `uid` char(36) COLLATE utf8_unicode_ci NOT NULL DEFAULT '0',
  PRIMARY KEY (`id`),
  UNIQUE KEY `craft_elements_i18n_elementId_locale_unq_idx` (`elementId`,`locale`),
  UNIQUE KEY `craft_elements_i18n_uri_locale_unq_idx` (`uri`,`locale`),
  KEY `craft_elements_i18n_slug_locale_idx` (`slug`,`locale`),
  KEY `craft_elements_i18n_enabled_idx` (`enabled`),
  KEY `craft_elements_i18n_locale_fk` (`locale`)
) ENGINE=InnoDB AUTO_INCREMENT=18 DEFAULT CHARSET=utf8 COLLATE=utf8_unicode_ci;

--
-- Data for table `craft_elements_i18n`
--

INSERT INTO `craft_elements_i18n` (`id`, `elementId`, `locale`, `slug`, `uri`, `enabled`, `dateCreated`, `dateUpdated`, `uid`) VALUES
 ('1', '1', 'en_us', '', NULL, '1', '2016-08-26 20:56:33', '2016-08-26 21:13:50', '256c5d45-c83f-4c10-97d1-0fbb88758226'),
 ('2', '2', 'en_us', 'homepage', '__home__', '1', '2016-08-26 20:56:36', '2016-09-18 20:18:17', '64266e37-976a-4bc4-9ee1-fd0e4155db8c'),
 ('3', '3', 'en_us', 'we-just-installed-craft', 'news/2016/we-just-installed-craft', '1', '2016-08-26 20:56:36', '2016-09-16 20:36:50', '88f79525-27ef-4144-9de9-e75ab88ead76'),
 ('4', '4', 'en_us', 'beer-on-table', NULL, '1', '2016-09-16 21:07:38', '2016-09-16 21:07:38', 'c6683efc-1667-4238-9b93-069c5d0453dd'),
 ('5', '5', 'en_us', 'victory-hop-brew', 'brews/victory-hop-brew', '1', '2016-09-16 21:08:41', '2016-09-18 22:04:40', 'aba7b053-e627-467e-9a51-93521f6ce729'),
 ('6', '6', 'en_us', 'about', 'about', '1', '2016-09-16 21:16:39', '2016-09-16 21:16:43', 'e0fc3fe0-003e-490e-8a4a-2f4d2ec17867'),
 ('7', '7', 'en_us', 'offices', 'about/offices', '1', '2016-09-16 21:17:04', '2016-09-16 21:17:06', '6cacf621-8c8f-4bbc-87ae-deeb5113393f'),
 ('8', '8', 'en_us', 'austin', 'about/offices/austin', '1', '2016-09-16 21:17:30', '2016-09-16 21:17:33', 'c29f3ec4-8290-4f03-8875-1dd86ab965c0'),
 ('9', '9', 'en_us', 'team', 'about/team', '1', '2016-09-16 21:18:28', '2016-09-16 21:18:49', '74dc1643-834c-466a-8dab-9f270d375953'),
 ('10', '10', 'en_us', 'john-doe', 'about/team/john-doe', '1', '2016-09-16 21:18:36', '2016-09-16 21:19:04', 'af3ea288-ef28-49e3-af43-a8588d17c9bf'),
 ('11', '11', 'en_us', 'dark-horse-tres-blueberry-stout-2', NULL, '1', '2016-09-16 23:26:14', '2016-09-16 23:26:14', '18f7c516-3315-4f37-9911-81ebdea922c4'),
 ('12', '12', 'en_us', 'unabridged-stout', 'brews/unabridged-stout', '1', '2016-09-16 23:26:50', '2016-09-18 22:04:25', '7fceb2a6-cb8d-45f5-ac51-52c650ca4e33'),
 ('13', '13', 'en_us', 'stout', NULL, '1', '2016-09-16 23:27:20', '2016-09-16 23:27:20', 'd153a620-0f0e-464f-9d4b-0db0eb2ab9d7'),
 ('14', '14', 'en_us', 'mystery-brew', 'brews/mystery-brew', '1', '2016-09-16 23:27:27', '2016-09-18 22:04:09', 'd0b5b6f9-5d36-4e2f-b324-735efbe622ce'),
 ('15', '15', 'en_us', 'second-news-item', 'news/2016/second-news-item', '1', '2016-09-17 20:26:17', '2016-09-17 20:26:17', '0a4f4953-66c8-4d30-a9e9-fa14c86d76ef'),
 ('16', '16', 'en_us', 'third-news-item', 'news/2016/third-news-item', '1', '2016-09-17 20:26:41', '2016-09-17 20:26:47', 'b1f3ed86-e432-46f3-8ac4-6249955a403c'),
 ('17', '17', 'en_us', 'fourth-news-item', 'news/2016/fourth-news-item', '1', '2016-09-17 20:27:10', '2016-09-17 20:27:10', '5a5610f3-f7a3-4ebd-b603-36cba5797aac');



DROP TABLE IF EXISTS `craft_emailmessages`;


--
-- Schema for table `craft_emailmessages`
--
CREATE TABLE `craft_emailmessages` (
  `id` int(11) NOT NULL AUTO_INCREMENT,
  `key` char(150) COLLATE utf8_unicode_ci NOT NULL,
  `locale` char(12) COLLATE utf8_unicode_ci NOT NULL,
  `subject` varchar(1000) COLLATE utf8_unicode_ci NOT NULL,
  `body` text COLLATE utf8_unicode_ci NOT NULL,
  `dateCreated` datetime NOT NULL,
  `dateUpdated` datetime NOT NULL,
  `uid` char(36) COLLATE utf8_unicode_ci NOT NULL DEFAULT '0',
  PRIMARY KEY (`id`),
  UNIQUE KEY `craft_emailmessages_key_locale_unq_idx` (`key`,`locale`),
  KEY `craft_emailmessages_locale_fk` (`locale`)
) ENGINE=InnoDB DEFAULT CHARSET=utf8 COLLATE=utf8_unicode_ci;

DROP TABLE IF EXISTS `craft_entries`;


--
-- Schema for table `craft_entries`
--
CREATE TABLE `craft_entries` (
  `id` int(11) NOT NULL,
  `sectionId` int(11) NOT NULL,
  `typeId` int(11) DEFAULT NULL,
  `authorId` int(11) DEFAULT NULL,
  `postDate` datetime DEFAULT NULL,
  `expiryDate` datetime DEFAULT NULL,
  `dateCreated` datetime NOT NULL,
  `dateUpdated` datetime NOT NULL,
  `uid` char(36) COLLATE utf8_unicode_ci NOT NULL DEFAULT '0',
  PRIMARY KEY (`id`),
  KEY `craft_entries_sectionId_idx` (`sectionId`),
  KEY `craft_entries_typeId_idx` (`typeId`),
  KEY `craft_entries_postDate_idx` (`postDate`),
  KEY `craft_entries_expiryDate_idx` (`expiryDate`),
  KEY `craft_entries_authorId_fk` (`authorId`)
) ENGINE=InnoDB DEFAULT CHARSET=utf8 COLLATE=utf8_unicode_ci;

--
-- Data for table `craft_entries`
--

INSERT INTO `craft_entries` (`id`, `sectionId`, `typeId`, `authorId`, `postDate`, `expiryDate`, `dateCreated`, `dateUpdated`, `uid`) VALUES
 ('2', '1', NULL, NULL, '2016-08-26 20:56:35', NULL, '2016-08-26 20:56:36', '2016-09-18 20:18:17', '877c35c8-c3ff-4c0b-8023-71c3a3af0058'),
 ('3', '2', '2', '1', '2016-08-26 20:56:00', NULL, '2016-08-26 20:56:36', '2016-09-16 20:36:50', '34897a42-b16e-450e-983f-df4047065bec'),
 ('5', '3', '3', '1', '2016-09-16 21:08:00', NULL, '2016-09-16 21:08:41', '2016-09-18 22:04:40', '433982a4-2f2c-4949-975e-4d8e0f0cefeb'),
 ('6', '4', '4', '1', '2016-09-16 21:16:39', NULL, '2016-09-16 21:16:39', '2016-09-16 21:16:39', '48320226-6b3d-4b15-8e78-b4f508b04930'),
 ('7', '4', '4', '1', '2016-09-16 21:17:03', NULL, '2016-09-16 21:17:04', '2016-09-16 21:17:04', '76c3168e-6545-4af5-8425-ae36f63837aa'),
 ('8', '4', '4', '1', '2016-09-16 21:17:30', NULL, '2016-09-16 21:17:30', '2016-09-16 21:17:30', 'c2213e00-f895-4eba-af4c-5c4d741f5aaa'),
 ('9', '4', '4', '1', '2016-09-16 21:18:28', NULL, '2016-09-16 21:18:28', '2016-09-16 21:18:28', '85807852-239f-4ff3-a827-e1fc739914bf'),
 ('10', '4', '4', '1', '2016-09-16 21:18:00', NULL, '2016-09-16 21:18:36', '2016-09-16 21:19:04', 'a98c0019-3c3f-4076-a9cf-a29f7c8cef0a'),
 ('12', '3', '3', '1', '2016-09-16 23:26:00', NULL, '2016-09-16 23:26:50', '2016-09-18 22:04:25', 'c460987a-542e-41ad-85ce-f7fe356304c7'),
 ('14', '3', '3', '1', '2016-09-16 23:27:00', NULL, '2016-09-16 23:27:27', '2016-09-18 22:04:09', '66312eab-819a-4d91-bdbe-0dd676499894'),
 ('15', '2', '2', '1', '2016-09-17 20:26:17', NULL, '2016-09-17 20:26:17', '2016-09-17 20:26:17', '1a6c391c-94d3-4264-8aca-ee4fcadc177f'),
 ('16', '2', '2', '1', '2016-09-17 20:26:00', NULL, '2016-09-17 20:26:41', '2016-09-17 20:26:47', 'd373a363-4dfe-424d-b08b-fb10b8db8545'),
 ('17', '2', '2', '1', '2016-09-17 20:27:10', NULL, '2016-09-17 20:27:10', '2016-09-17 20:27:10', '1a58eb7d-331a-4ddf-acb2-de01d8b0b591');



DROP TABLE IF EXISTS `craft_entrydrafts`;


--
-- Schema for table `craft_entrydrafts`
--
CREATE TABLE `craft_entrydrafts` (
  `id` int(11) NOT NULL AUTO_INCREMENT,
  `entryId` int(11) NOT NULL,
  `sectionId` int(11) NOT NULL,
  `creatorId` int(11) NOT NULL,
  `locale` char(12) COLLATE utf8_unicode_ci NOT NULL,
  `name` varchar(255) COLLATE utf8_unicode_ci NOT NULL,
  `notes` tinytext COLLATE utf8_unicode_ci,
  `data` mediumtext COLLATE utf8_unicode_ci NOT NULL,
  `dateCreated` datetime NOT NULL,
  `dateUpdated` datetime NOT NULL,
  `uid` char(36) COLLATE utf8_unicode_ci NOT NULL DEFAULT '0',
  PRIMARY KEY (`id`),
  KEY `craft_entrydrafts_entryId_locale_idx` (`entryId`,`locale`),
  KEY `craft_entrydrafts_sectionId_fk` (`sectionId`),
  KEY `craft_entrydrafts_creatorId_fk` (`creatorId`),
  KEY `craft_entrydrafts_locale_fk` (`locale`)
) ENGINE=InnoDB DEFAULT CHARSET=utf8 COLLATE=utf8_unicode_ci;

DROP TABLE IF EXISTS `craft_entrytypes`;


--
-- Schema for table `craft_entrytypes`
--
CREATE TABLE `craft_entrytypes` (
  `id` int(11) NOT NULL AUTO_INCREMENT,
  `sectionId` int(11) NOT NULL,
  `fieldLayoutId` int(11) DEFAULT NULL,
  `name` varchar(255) COLLATE utf8_unicode_ci NOT NULL,
  `handle` varchar(255) COLLATE utf8_unicode_ci NOT NULL,
  `hasTitleField` tinyint(1) unsigned NOT NULL DEFAULT '1',
  `titleLabel` varchar(255) COLLATE utf8_unicode_ci DEFAULT 'Title',
  `titleFormat` varchar(255) COLLATE utf8_unicode_ci DEFAULT NULL,
  `sortOrder` smallint(6) unsigned DEFAULT NULL,
  `dateCreated` datetime NOT NULL,
  `dateUpdated` datetime NOT NULL,
  `uid` char(36) COLLATE utf8_unicode_ci NOT NULL DEFAULT '0',
  PRIMARY KEY (`id`),
  UNIQUE KEY `craft_entrytypes_name_sectionId_unq_idx` (`name`,`sectionId`),
  UNIQUE KEY `craft_entrytypes_handle_sectionId_unq_idx` (`handle`,`sectionId`),
  KEY `craft_entrytypes_sectionId_fk` (`sectionId`),
  KEY `craft_entrytypes_fieldLayoutId_fk` (`fieldLayoutId`)
) ENGINE=InnoDB AUTO_INCREMENT=5 DEFAULT CHARSET=utf8 COLLATE=utf8_unicode_ci;

--
-- Data for table `craft_entrytypes`
--

INSERT INTO `craft_entrytypes` (`id`, `sectionId`, `fieldLayoutId`, `name`, `handle`, `hasTitleField`, `titleLabel`, `titleFormat`, `sortOrder`, `dateCreated`, `dateUpdated`, `uid`) VALUES
 ('1', '1', '14', 'Homepage', 'homepage', '1', 'Homepage Title', NULL, '1', '2016-08-26 20:56:35', '2016-09-18 20:17:18', 'c304d803-a0a8-4334-9810-edbcdc9d7ec2'),
 ('2', '2', '8', 'News', 'news', '1', 'Title', NULL, '1', '2016-08-26 20:56:36', '2016-09-16 20:36:29', '903e98d2-4bf1-4563-bebe-156315ddf503'),
 ('3', '3', '15', 'Brews', 'brews', '1', 'Brew Name', NULL, '1', '2016-09-16 20:20:33', '2016-09-18 22:03:39', '103afadc-9cee-47cf-8bee-6424c0350ff9'),
 ('4', '4', '12', 'About Crafty Brewery', 'aboutCraftyBrewery', '1', 'Page Title', NULL, '1', '2016-09-16 21:14:24', '2016-09-16 21:16:05', 'f9c9afc8-fc0b-41df-ba33-edd6f34f6ae7');



DROP TABLE IF EXISTS `craft_entryversions`;


--
-- Schema for table `craft_entryversions`
--
CREATE TABLE `craft_entryversions` (
  `id` int(11) NOT NULL AUTO_INCREMENT,
  `entryId` int(11) NOT NULL,
  `sectionId` int(11) NOT NULL,
  `creatorId` int(11) DEFAULT NULL,
  `locale` char(12) COLLATE utf8_unicode_ci NOT NULL,
  `num` smallint(6) unsigned NOT NULL,
  `notes` tinytext COLLATE utf8_unicode_ci,
  `data` mediumtext COLLATE utf8_unicode_ci NOT NULL,
  `dateCreated` datetime NOT NULL,
  `dateUpdated` datetime NOT NULL,
  `uid` char(36) COLLATE utf8_unicode_ci NOT NULL DEFAULT '0',
  PRIMARY KEY (`id`),
  KEY `craft_entryversions_entryId_locale_idx` (`entryId`,`locale`),
  KEY `craft_entryversions_sectionId_fk` (`sectionId`),
  KEY `craft_entryversions_creatorId_fk` (`creatorId`),
  KEY `craft_entryversions_locale_fk` (`locale`)
) ENGINE=InnoDB AUTO_INCREMENT=26 DEFAULT CHARSET=utf8 COLLATE=utf8_unicode_ci;

--
-- Data for table `craft_entryversions`
--

INSERT INTO `craft_entryversions` (`id`, `entryId`, `sectionId`, `creatorId`, `locale`, `num`, `notes`, `data`, `dateCreated`, `dateUpdated`, `uid`) VALUES
 ('1', '2', '1', '1', 'en_us', '1', NULL, '{\"typeId\":\"1\",\"authorId\":null,\"title\":\"Homepage\",\"slug\":\"homepage\",\"postDate\":1472244995,\"expiryDate\":null,\"enabled\":1,\"parentId\":null,\"fields\":[]}', '2016-08-26 20:56:36', '2016-08-26 20:56:36', '870f9eb1-6736-4402-ac0e-82fac4f2cf5a'),
 ('2', '2', '1', '1', 'en_us', '2', NULL, '{\"typeId\":null,\"authorId\":null,\"title\":\"Welcome to Localhost!\",\"slug\":\"homepage\",\"postDate\":1472244995,\"expiryDate\":null,\"enabled\":\"1\",\"parentId\":null,\"fields\":{\"1\":\"<p>It\\u2019s true, this site doesn\\u2019t have a whole lot of content yet, but don\\u2019t worry. Our web developers have just installed the CMS, and they\\u2019re setting things up for the content editors this very moment. Soon Localhost will be an oasis of fresh perspectives, sharp analyses, and astute opinions that will keep you coming back again and again.<\\/p>\"}}', '2016-08-26 20:56:36', '2016-08-26 20:56:36', '1e2a54f6-b430-4290-927d-4d34bf831f0d'),
 ('3', '3', '2', '1', 'en_us', '1', NULL, '{\"typeId\":\"2\",\"authorId\":\"1\",\"title\":\"We just installed Craft!\",\"slug\":\"we-just-installed-craft\",\"postDate\":1472244996,\"expiryDate\":null,\"enabled\":1,\"parentId\":null,\"fields\":[]}', '2016-08-26 20:56:36', '2016-08-26 20:56:36', '97f9e249-f4cd-432e-86fd-ce5b75cf9932'),
 ('4', '3', '2', '1', 'en_us', '2', '', '{\"typeId\":\"2\",\"authorId\":\"1\",\"title\":\"We just installed Craft!\",\"slug\":\"we-just-installed-craft\",\"postDate\":1472244960,\"expiryDate\":null,\"enabled\":1,\"parentId\":null,\"fields\":{\"1\":\"<p>Craft is the CMS that\\u2019s powering Localhost. It\\u2019s beautiful, powerful, flexible, and easy-to-use, and it\\u2019s made by Pixel & Tonic. We can\\u2019t wait to dive in and see what it\\u2019s capable of!<\\/p>\\r\\n\\r\\n<hr class=\\\"redactor_pagebreak\\\" style=\\\"display:none\\\" unselectable=\\\"on\\\" contenteditable=\\\"false\\\">\\r\\n\\r\\n<p>This is even more captivating content, which you couldn\\u2019t see on the News index page because it was entered after a Page Break, and the News index template only likes to show the content on the first page.<\\/p>\\r\\n\\r\\n<p>Craft: a nice alternative to Word, if you\\u2019re making a website.<\\/p>\",\"3\":\"<p>Intro lorem ipsum.<\\/p>\"}}', '2016-09-16 20:36:50', '2016-09-16 20:36:50', '20c02dc6-16e1-4a9d-b47a-603c856d7674'),
 ('5', '5', '3', '1', 'en_us', '1', '', '{\"typeId\":null,\"authorId\":\"1\",\"title\":\"Victory Hop Brew\",\"slug\":\"victory-hop-brew\",\"postDate\":1474060121,\"expiryDate\":null,\"enabled\":1,\"parentId\":null,\"fields\":{\"5\":[\"4\"],\"3\":\"<p>Introduction lorem ipsum<\\/p>\",\"4\":\"<p>Lorem ipsum dolor sit amet, urna vestibulum quod accumsan, sed donec risus semper libero, orci hendrerit, amet commodo nonummy sodales, gravida placerat. Augue id pulvinar consequat congue. Eros nam felis id nascetur eu mauris, tempor nulla molestiae felis in, nec volutpat phasellus ipsum. Ligula vehicula vel cras elit justo in, aenean quasi nonummy venenatis natoque integer, lectus neque nam lacinia parturient tellus. Suspendisse arcu, magna cras quam orci, phasellus sollicitudin fusce blandit quis, enim arcu pellentesque id. Libero molestie ipsum arcu rutrum. Nulla donec rhoncus neque sociis, quam fames varius, ultrices fringilla nonummy, cursus mauris placerat tortor, in ligula in ligula curabitur. Ut nullam neque nibh suspendisse neque, ligula luctus cras eu dapibus, magna taciti nulla diam pellentesque, euismod feugiat purus.<\\/p>\"}}', '2016-09-16 21:08:41', '2016-09-16 21:08:41', '083f8e60-5043-43e0-b7a8-e82ada7db4a6'),
 ('6', '6', '4', '1', 'en_us', '1', '', '{\"typeId\":null,\"authorId\":\"1\",\"title\":\"About Crafty Brewery\",\"slug\":\"about\",\"postDate\":1474060599,\"expiryDate\":null,\"enabled\":1,\"parentId\":\"\",\"fields\":{\"1\":\"<p>Lorem ipsum dolor sit amet, urna vestibulum quod accumsan, sed donec risus semper libero, orci hendrerit, amet commodo nonummy sodales, gravida placerat. Augue id pulvinar consequat congue. Eros nam felis id nascetur eu mauris, tempor nulla molestiae felis in, nec volutpat phasellus ipsum. Ligula vehicula vel cras elit justo in, aenean quasi nonummy venenatis natoque integer, lectus neque nam lacinia parturient tellus. Suspendisse arcu, magna cras quam orci, phasellus sollicitudin fusce blandit quis, enim arcu pellentesque id. Libero molestie ipsum arcu rutrum. Nulla donec rhoncus neque sociis, quam fames varius, ultrices fringilla nonummy, cursus mauris placerat tortor, in ligula in ligula curabitur. Ut nullam neque nibh suspendisse neque, ligula luctus cras eu dapibus, magna taciti nulla diam pellentesque, euismod feugiat purus.<\\/p>\"}}', '2016-09-16 21:16:39', '2016-09-16 21:16:39', '2c93eb85-4e88-4ae4-9434-ee30a7b9d747'),
 ('7', '7', '4', '1', 'en_us', '1', '', '{\"typeId\":null,\"authorId\":\"1\",\"title\":\"Offices\",\"slug\":\"offices\",\"postDate\":1474060623,\"expiryDate\":null,\"enabled\":1,\"parentId\":\"6\",\"fields\":{\"1\":\"<p>Lorem ipsum dolor sit amet, urna vestibulum quod accumsan, sed donec risus semper libero, orci hendrerit, amet commodo nonummy sodales, gravida placerat. Augue id pulvinar consequat congue. Eros nam felis id nascetur eu mauris, tempor nulla molestiae felis in, nec volutpat phasellus ipsum. Ligula vehicula vel cras elit justo in, aenean quasi nonummy venenatis natoque integer, lectus neque nam lacinia parturient tellus. Suspendisse arcu, magna cras quam orci, phasellus sollicitudin fusce blandit quis, enim arcu pellentesque id. Libero molestie ipsum arcu rutrum. Nulla donec rhoncus neque sociis, quam fames varius, ultrices fringilla nonummy, cursus mauris placerat tortor, in ligula in ligula curabitur. Ut nullam neque nibh suspendisse neque, ligula luctus cras eu dapibus, magna taciti nulla diam pellentesque, euismod feugiat purus.<\\/p>\"}}', '2016-09-16 21:17:04', '2016-09-16 21:17:04', 'e8dc0edf-f0c9-4b86-b74e-7d250e6054ff'),
 ('8', '8', '4', '1', 'en_us', '1', '', '{\"typeId\":null,\"authorId\":\"1\",\"title\":\"Austin TX Office\",\"slug\":\"austin\",\"postDate\":1474060650,\"expiryDate\":null,\"enabled\":1,\"parentId\":\"7\",\"fields\":{\"1\":\"<p>Lorem ipsum dolor sit amet, urna vestibulum quod accumsan, sed donec risus semper libero, orci hendrerit, amet commodo nonummy sodales, gravida placerat. Augue id pulvinar consequat congue. Eros nam felis id nascetur eu mauris, tempor nulla molestiae felis in, nec volutpat phasellus ipsum. Ligula vehicula vel cras elit justo in, aenean quasi nonummy venenatis natoque integer, lectus neque nam lacinia parturient tellus. Suspendisse arcu, magna cras quam orci, phasellus sollicitudin fusce blandit quis, enim arcu pellentesque id. Libero molestie ipsum arcu rutrum. Nulla donec rhoncus neque sociis, quam fames varius, ultrices fringilla nonummy, cursus mauris placerat tortor, in ligula in ligula curabitur. Ut nullam neque nibh suspendisse neque, ligula luctus cras eu dapibus, magna taciti nulla diam pellentesque, euismod feugiat purus.<\\/p>\"}}', '2016-09-16 21:17:31', '2016-09-16 21:17:31', 'efab2570-1edf-4a96-8b81-07bb4290a1b8'),
 ('9', '9', '4', '1', 'en_us', '1', NULL, '{\"typeId\":null,\"authorId\":\"1\",\"title\":\"Team\",\"slug\":\"team\",\"postDate\":1474060708,\"expiryDate\":null,\"enabled\":1,\"parentId\":null,\"fields\":{\"1\":\"<p>Lorem ipsum dolor sit amet, urna vestibulum quod accumsan, sed donec risus semper libero, orci hendrerit, amet commodo nonummy sodales, gravida placerat. Augue id pulvinar consequat congue. Eros nam felis id nascetur eu mauris, tempor nulla molestiae felis in, nec volutpat phasellus ipsum. Ligula vehicula vel cras elit justo in, aenean quasi nonummy venenatis natoque integer, lectus neque nam lacinia parturient tellus. Suspendisse arcu, magna cras quam orci, phasellus sollicitudin fusce blandit quis, enim arcu pellentesque id. Libero molestie ipsum arcu rutrum. Nulla donec rhoncus neque sociis, quam fames varius, ultrices fringilla nonummy, cursus mauris placerat tortor, in ligula in ligula curabitur. Ut nullam neque nibh suspendisse neque, ligula luctus cras eu dapibus, magna taciti nulla diam pellentesque, euismod feugiat purus.<\\/p>\"}}', '2016-09-16 21:18:28', '2016-09-16 21:18:28', '5e48b1f2-524a-4732-9168-2964eaf8275c'),
 ('10', '10', '4', '1', 'en_us', '1', '', '{\"typeId\":null,\"authorId\":\"1\",\"title\":\"John Doe\",\"slug\":\"doe\",\"postDate\":1474060716,\"expiryDate\":null,\"enabled\":1,\"parentId\":\"9\",\"fields\":{\"1\":\"<p>Lorem ipsum dolor sit amet, urna vestibulum quod accumsan, sed donec risus semper libero, orci hendrerit, amet commodo nonummy sodales, gravida placerat. Augue id pulvinar consequat congue. Eros nam felis id nascetur eu mauris, tempor nulla molestiae felis in, nec volutpat phasellus ipsum. Ligula vehicula vel cras elit justo in, aenean quasi nonummy venenatis natoque integer, lectus neque nam lacinia parturient tellus. Suspendisse arcu, magna cras quam orci, phasellus sollicitudin fusce blandit quis, enim arcu pellentesque id. Libero molestie ipsum arcu rutrum. Nulla donec rhoncus neque sociis, quam fames varius, ultrices fringilla nonummy, cursus mauris placerat tortor, in ligula in ligula curabitur. Ut nullam neque nibh suspendisse neque, ligula luctus cras eu dapibus, magna taciti nulla diam pellentesque, euismod feugiat purus.<\\/p>\"}}', '2016-09-16 21:18:36', '2016-09-16 21:18:36', 'd0f2210b-a7d8-4b92-9824-282101aead40'),
 ('11', '10', '4', '1', 'en_us', '2', '', '{\"typeId\":\"4\",\"authorId\":\"1\",\"title\":\"John Doe\",\"slug\":\"john-doe\",\"postDate\":1474060680,\"expiryDate\":null,\"enabled\":1,\"parentId\":\"9\",\"fields\":{\"1\":\"<p>Lorem ipsum dolor sit amet, urna vestibulum quod accumsan, sed donec risus semper libero, orci hendrerit, amet commodo nonummy sodales, gravida placerat. Augue id pulvinar consequat congue. Eros nam felis id nascetur eu mauris, tempor nulla molestiae felis in, nec volutpat phasellus ipsum. Ligula vehicula vel cras elit justo in, aenean quasi nonummy venenatis natoque integer, lectus neque nam lacinia parturient tellus. Suspendisse arcu, magna cras quam orci, phasellus sollicitudin fusce blandit quis, enim arcu pellentesque id. Libero molestie ipsum arcu rutrum. Nulla donec rhoncus neque sociis, quam fames varius, ultrices fringilla nonummy, cursus mauris placerat tortor, in ligula in ligula curabitur. Ut nullam neque nibh suspendisse neque, ligula luctus cras eu dapibus, magna taciti nulla diam pellentesque, euismod feugiat purus.<\\/p>\"}}', '2016-09-16 21:19:04', '2016-09-16 21:19:04', '16f3818c-ffab-4dd7-b8a1-1aa746464964'),
 ('12', '2', '1', '1', 'en_us', '3', '', '{\"typeId\":null,\"authorId\":null,\"title\":\"Crafty Brewery\",\"slug\":\"homepage\",\"postDate\":1472244995,\"expiryDate\":null,\"enabled\":1,\"parentId\":null,\"fields\":{\"1\":\"<p>It\\u2019s true, this site doesn\\u2019t have a whole lot of content yet, but don\\u2019t worry. Our web developers have just installed the CMS, and they\\u2019re setting things up for the content editors this very moment. Soon Localhost will be an oasis of fresh perspectives, sharp analyses, and astute opinions that will keep you coming back again and again.<\\/p>\"}}', '2016-09-16 23:00:47', '2016-09-16 23:00:47', '3eeb43ce-089a-4b34-99ad-fc1769974377'),
 ('13', '2', '1', '1', 'en_us', '4', '', '{\"typeId\":null,\"authorId\":null,\"title\":\"Crafty Brewery\",\"slug\":\"homepage\",\"postDate\":1472244995,\"expiryDate\":null,\"enabled\":1,\"parentId\":null,\"fields\":{\"6\":\"If we wrote it down, you can brew it at home.\"}}', '2016-09-16 23:03:33', '2016-09-16 23:03:33', 'cbb6d03a-9ae1-48d7-a43c-e24f0cfc1fa1'),
 ('14', '2', '1', '1', 'en_us', '5', '', '{\"typeId\":null,\"authorId\":null,\"title\":\"Crafty Brewery\",\"slug\":\"homepage\",\"postDate\":1472244995,\"expiryDate\":null,\"enabled\":1,\"parentId\":null,\"fields\":{\"6\":\"If we wrote it down, you can brew it at home. Whoo!\"}}', '2016-09-16 23:05:44', '2016-09-16 23:05:44', 'c97cbf57-51d5-4256-80fa-483eef808e11'),
 ('15', '5', '3', '1', 'en_us', '2', '', '{\"typeId\":\"3\",\"authorId\":\"1\",\"title\":\"Victory Hop Brew\",\"slug\":\"victory-hop-brew\",\"postDate\":1474060080,\"expiryDate\":null,\"enabled\":1,\"parentId\":null,\"fields\":{\"5\":[\"4\"],\"3\":\"<p>Intro&nbsp;lorem ipsum<\\/p>\",\"4\":\"<p>Lorem ipsum dolor sit amet, urna vestibulum quod accumsan, sed donec risus semper libero, orci hendrerit, amet commodo nonummy sodales, gravida placerat. Augue id pulvinar consequat congue. Eros nam felis id nascetur eu mauris, tempor nulla molestiae felis in, nec volutpat phasellus ipsum. Ligula vehicula vel cras elit justo in, aenean quasi nonummy venenatis natoque integer, lectus neque nam lacinia parturient tellus. Suspendisse arcu, magna cras quam orci, phasellus sollicitudin fusce blandit quis, enim arcu pellentesque id. Libero molestie ipsum arcu rutrum. Nulla donec rhoncus neque sociis, quam fames varius, ultrices fringilla nonummy, cursus mauris placerat tortor, in ligula in ligula curabitur. Ut nullam neque nibh suspendisse neque, ligula luctus cras eu dapibus, magna taciti nulla diam pellentesque, euismod feugiat purus.<\\/p>\"}}', '2016-09-16 23:25:39', '2016-09-16 23:25:39', 'd016fe4b-5c61-49d8-8844-185e5776970f'),
 ('16', '12', '3', '1', 'en_us', '1', '', '{\"typeId\":null,\"authorId\":\"1\",\"title\":\"Unabridged Stout\",\"slug\":\"unabridged-stout\",\"postDate\":1474068410,\"expiryDate\":null,\"enabled\":1,\"parentId\":null,\"fields\":{\"5\":[\"11\"],\"3\":\"<p>Intro lorem ipsum<\\/p>\",\"4\":\"<p>Lorem ipsum dolor sit amet, urna vestibulum quod accumsan, sed donec risus semper libero, orci hendrerit, amet commodo nonummy sodales, gravida placerat. Augue id pulvinar consequat congue. Eros nam felis id nascetur eu mauris, tempor nulla molestiae felis in, nec volutpat phasellus ipsum. Ligula vehicula vel cras elit justo in, aenean quasi nonummy venenatis natoque integer, lectus neque nam lacinia parturient tellus. Suspendisse arcu, magna cras quam orci, phasellus sollicitudin fusce blandit quis, enim arcu pellentesque id. Libero molestie ipsum arcu rutrum. Nulla donec rhoncus neque sociis, quam fames varius, ultrices fringilla nonummy, cursus mauris placerat tortor, in ligula in ligula curabitur. Ut nullam neque nibh suspendisse neque, ligula luctus cras eu dapibus, magna taciti nulla diam pellentesque, euismod feugiat purus.<\\/p>\"}}', '2016-09-16 23:26:50', '2016-09-16 23:26:50', 'ed161173-98d0-497b-84e1-98b1f1d4e5ca'),
 ('17', '14', '3', '1', 'en_us', '1', '', '{\"typeId\":null,\"authorId\":\"1\",\"title\":\"Mystery Brew\",\"slug\":\"mystery-brew\",\"postDate\":1474068447,\"expiryDate\":null,\"enabled\":1,\"parentId\":null,\"fields\":{\"5\":[\"13\"],\"3\":\"<p>Intro lorem ipsum<\\/p>\",\"4\":\"<p>Lorem ipsum dolor sit amet, urna vestibulum quod accumsan, sed donec risus semper libero, orci hendrerit, amet commodo nonummy sodales, gravida placerat. Augue id pulvinar consequat congue. Eros nam felis id nascetur eu mauris, tempor nulla molestiae felis in, nec volutpat phasellus ipsum. Ligula vehicula vel cras elit justo in, aenean quasi nonummy venenatis natoque integer, lectus neque nam lacinia parturient tellus. Suspendisse arcu, magna cras quam orci, phasellus sollicitudin fusce blandit quis, enim arcu pellentesque id. Libero molestie ipsum arcu rutrum. Nulla donec rhoncus neque sociis, quam fames varius, ultrices fringilla nonummy, cursus mauris placerat tortor, in ligula in ligula curabitur. Ut nullam neque nibh suspendisse neque, ligula luctus cras eu dapibus, magna taciti nulla diam pellentesque, euismod feugiat purus.<\\/p>\"}}', '2016-09-16 23:27:27', '2016-09-16 23:27:27', '926e2ae1-c103-4f5d-9dab-472cf2a44e54'),
 ('18', '15', '2', '1', 'en_us', '1', '', '{\"typeId\":null,\"authorId\":\"1\",\"title\":\"Second News Item\",\"slug\":\"second-news-item\",\"postDate\":1474143977,\"expiryDate\":null,\"enabled\":1,\"parentId\":null,\"fields\":{\"1\":\"<p>Lorem ipsum dolor sit amet, urna vestibulum quod accumsan, sed donec risus semper libero, orci hendrerit, amet commodo nonummy sodales, gravida placerat. Augue id pulvinar consequat congue. Eros nam felis id nascetur eu mauris, tempor nulla molestiae felis in, nec volutpat phasellus ipsum. Ligula vehicula vel cras elit justo in, aenean quasi nonummy venenatis natoque integer, lectus neque nam lacinia parturient tellus. Suspendisse arcu, magna cras quam orci, phasellus sollicitudin fusce blandit quis, enim arcu pellentesque id. Libero molestie ipsum arcu rutrum. Nulla donec rhoncus neque sociis, quam fames varius, ultrices fringilla nonummy, cursus mauris placerat tortor, in ligula in ligula curabitur. Ut nullam neque nibh suspendisse neque, ligula luctus cras eu dapibus, magna taciti nulla diam pellentesque, euismod feugiat purus.<\\/p>\",\"3\":\"<p>Lorem ipsum dolor sit amet, urna vestibulum quod accumsan, sed donec risus semper libero, orci hendrerit, amet commodo nonummy sodales, gravida placerat.<\\/p>\"}}', '2016-09-17 20:26:17', '2016-09-17 20:26:17', '0c9a4544-dc42-4d7f-afae-5876ff2b5807'),
 ('19', '16', '2', '1', 'en_us', '1', '', '{\"typeId\":null,\"authorId\":\"1\",\"title\":\"Third News Item\",\"slug\":\"third-news-item\",\"postDate\":1474144001,\"expiryDate\":null,\"enabled\":1,\"parentId\":null,\"fields\":{\"1\":\"<p>Lorem ipsum dolor sit amet, urna vestibulum quod accumsan, sed donec risus semper libero, orci hendrerit, amet commodo nonummy sodales, gravida placerat. Augue id pulvinar consequat congue. Eros nam felis id nascetur eu mauris, tempor nulla molestiae felis in, nec volutpat phasellus ipsum. Ligula vehicula vel cras elit justo in, aenean quasi nonummy venenatis natoque integer, lectus neque nam lacinia parturient tellus. Suspendisse arcu, magna cras quam orci, phasellus sollicitudin fusce blandit quis, enim arcu pellentesque id. Libero molestie ipsum arcu rutrum. Nulla donec rhoncus neque sociis, quam fames varius, ultrices fringilla nonummy, cursus mauris placerat tortor, in ligula in ligula curabitur. Ut nullam neque nibh suspendisse neque, ligula luctus cras eu dapibus, magna taciti nulla diam pellentesque, euismod feugiat purus.<\\/p>\",\"3\":\"<p>Augue id pulvinar consequat congue. Eros nam felis id nascetur eu mauris, tempor nulla molestiae felis in, nec volutpat phasellus ipsum.<\\/p>\"}}', '2016-09-17 20:26:41', '2016-09-17 20:26:41', 'e2529c98-c879-4613-b35d-c440d5412d49'),
 ('20', '16', '2', '1', 'en_us', '2', '', '{\"typeId\":\"2\",\"authorId\":\"1\",\"title\":\"Third News Item\",\"slug\":\"third-news-item\",\"postDate\":1474143960,\"expiryDate\":null,\"enabled\":1,\"parentId\":null,\"fields\":{\"1\":\"<p>Lorem ipsum dolor sit amet, urna vestibulum quod accumsan, sed donec risus semper libero, orci hendrerit, amet commodo nonummy sodales, gravida placerat. Augue id pulvinar consequat congue. Eros nam felis id nascetur eu mauris, tempor nulla molestiae felis in, nec volutpat phasellus ipsum. Ligula vehicula vel cras elit justo in, aenean quasi nonummy venenatis natoque integer, lectus neque nam lacinia parturient tellus. Suspendisse arcu, magna cras quam orci, phasellus sollicitudin fusce blandit quis, enim arcu pellentesque id. Libero molestie ipsum arcu rutrum. Nulla donec rhoncus neque sociis, quam fames varius, ultrices fringilla nonummy, cursus mauris placerat tortor, in ligula in ligula curabitur. Ut nullam neque nibh suspendisse neque, ligula luctus cras eu dapibus, magna taciti nulla diam pellentesque, euismod feugiat purus.<\\/p>\",\"3\":\"<p>Augue id pulvinar consequat congue. Eros nam felis id nascetur eu mauris, tempor nulla molestiae felis in, nec volutpat phasellus ipsum.<\\/p>\"}}', '2016-09-17 20:26:47', '2016-09-17 20:26:47', '38d5d730-8a7f-43c4-bb0a-c61024f3f6dc'),
 ('21', '17', '2', '1', 'en_us', '1', '', '{\"typeId\":null,\"authorId\":\"1\",\"title\":\"Fourth News Item\",\"slug\":\"fourth-news-item\",\"postDate\":1474144030,\"expiryDate\":null,\"enabled\":1,\"parentId\":null,\"fields\":{\"1\":\"<p>Lorem ipsum dolor sit amet, urna vestibulum quod accumsan, sed donec risus semper libero, orci hendrerit, amet commodo nonummy sodales, gravida placerat. Augue id pulvinar consequat congue. Eros nam felis id nascetur eu mauris, tempor nulla molestiae felis in, nec volutpat phasellus ipsum. Ligula vehicula vel cras elit justo in, aenean quasi nonummy venenatis natoque integer, lectus neque nam lacinia parturient tellus. Suspendisse arcu, magna cras quam orci, phasellus sollicitudin fusce blandit quis, enim arcu pellentesque id. Libero molestie ipsum arcu rutrum. Nulla donec rhoncus neque sociis, quam fames varius, ultrices fringilla nonummy, cursus mauris placerat tortor, in ligula in ligula curabitur. Ut nullam neque nibh suspendisse neque, ligula luctus cras eu dapibus, magna taciti nulla diam pellentesque, euismod feugiat purus.<\\/p>\",\"3\":\"<p>Nulla donec rhoncus neque sociis, quam fames varius, ultrices fringilla nonummy, cursus mauris placerat tortor, in ligula in ligula curabitur.&nbsp;<\\/p>\"}}', '2016-09-17 20:27:10', '2016-09-17 20:27:10', '06dec48c-ed6d-4732-8c9c-eb6e515e59d9'),
 ('22', '2', '1', '1', 'en_us', '6', '', '{\"typeId\":null,\"authorId\":null,\"title\":\"Crafty Brewery\",\"slug\":\"homepage\",\"postDate\":1472244995,\"expiryDate\":null,\"enabled\":1,\"parentId\":null,\"fields\":{\"7\":[{\"col1\":\"See Our Brews\",\"col2\":\"\\/brews\"},{\"col1\":\"Brew Our Brews\",\"col2\":\"\\/recipes\"}],\"6\":\"If we wrote it down, you can brew it at home. Whoo!\"}}', '2016-09-18 20:18:17', '2016-09-18 20:18:17', '7d076da2-6f10-48b8-88b0-16e0f3a9c106'),
 ('23', '14', '3', '1', 'en_us', '2', '', '{\"typeId\":\"3\",\"authorId\":\"1\",\"title\":\"Mystery Brew\",\"slug\":\"mystery-brew\",\"postDate\":1474068420,\"expiryDate\":null,\"enabled\":1,\"parentId\":null,\"fields\":{\"8\":{\"date\":\"2\\/12\\/2015\"},\"5\":[\"13\"],\"3\":\"<p>Intro lorem ipsum<\\/p>\",\"4\":\"<p>Lorem ipsum dolor sit amet, urna vestibulum quod accumsan, sed donec risus semper libero, orci hendrerit, amet commodo nonummy sodales, gravida placerat. Augue id pulvinar consequat congue. Eros nam felis id nascetur eu mauris, tempor nulla molestiae felis in, nec volutpat phasellus ipsum. Ligula vehicula vel cras elit justo in, aenean quasi nonummy venenatis natoque integer, lectus neque nam lacinia parturient tellus. Suspendisse arcu, magna cras quam orci, phasellus sollicitudin fusce blandit quis, enim arcu pellentesque id. Libero molestie ipsum arcu rutrum. Nulla donec rhoncus neque sociis, quam fames varius, ultrices fringilla nonummy, cursus mauris placerat tortor, in ligula in ligula curabitur. Ut nullam neque nibh suspendisse neque, ligula luctus cras eu dapibus, magna taciti nulla diam pellentesque, euismod feugiat purus.<\\/p>\"}}', '2016-09-18 22:04:09', '2016-09-18 22:04:09', '5f7f6a58-c41a-412b-ba19-4346fc6ba6a3'),
 ('24', '12', '3', '1', 'en_us', '2', '', '{\"typeId\":\"3\",\"authorId\":\"1\",\"title\":\"Unabridged Stout\",\"slug\":\"unabridged-stout\",\"postDate\":1474068360,\"expiryDate\":null,\"enabled\":1,\"parentId\":null,\"fields\":{\"8\":{\"date\":\"8\\/20\\/2015\"},\"5\":[\"11\"],\"3\":\"<p>Intro lorem ipsum<\\/p>\",\"4\":\"<p>Lorem ipsum dolor sit amet, urna vestibulum quod accumsan, sed donec risus semper libero, orci hendrerit, amet commodo nonummy sodales, gravida placerat. Augue id pulvinar consequat congue. Eros nam felis id nascetur eu mauris, tempor nulla molestiae felis in, nec volutpat phasellus ipsum. Ligula vehicula vel cras elit justo in, aenean quasi nonummy venenatis natoque integer, lectus neque nam lacinia parturient tellus. Suspendisse arcu, magna cras quam orci, phasellus sollicitudin fusce blandit quis, enim arcu pellentesque id. Libero molestie ipsum arcu rutrum. Nulla donec rhoncus neque sociis, quam fames varius, ultrices fringilla nonummy, cursus mauris placerat tortor, in ligula in ligula curabitur. Ut nullam neque nibh suspendisse neque, ligula luctus cras eu dapibus, magna taciti nulla diam pellentesque, euismod feugiat purus.<\\/p>\"}}', '2016-09-18 22:04:25', '2016-09-18 22:04:25', 'ecead5c4-3730-49ea-8ee8-9dcf0cb78d77'),
 ('25', '5', '3', '1', 'en_us', '3', '', '{\"typeId\":\"3\",\"authorId\":\"1\",\"title\":\"Victory Hop Brew\",\"slug\":\"victory-hop-brew\",\"postDate\":1474060080,\"expiryDate\":null,\"enabled\":1,\"parentId\":null,\"fields\":{\"8\":{\"date\":\"4\\/16\\/2009\"},\"5\":[\"4\"],\"3\":\"<p>Intro&nbsp;lorem ipsum<\\/p>\",\"4\":\"<p>Lorem ipsum dolor sit amet, urna vestibulum quod accumsan, sed donec risus semper libero, orci hendrerit, amet commodo nonummy sodales, gravida placerat. Augue id pulvinar consequat congue. Eros nam felis id nascetur eu mauris, tempor nulla molestiae felis in, nec volutpat phasellus ipsum. Ligula vehicula vel cras elit justo in, aenean quasi nonummy venenatis natoque integer, lectus neque nam lacinia parturient tellus. Suspendisse arcu, magna cras quam orci, phasellus sollicitudin fusce blandit quis, enim arcu pellentesque id. Libero molestie ipsum arcu rutrum. Nulla donec rhoncus neque sociis, quam fames varius, ultrices fringilla nonummy, cursus mauris placerat tortor, in ligula in ligula curabitur. Ut nullam neque nibh suspendisse neque, ligula luctus cras eu dapibus, magna taciti nulla diam pellentesque, euismod feugiat purus.<\\/p>\"}}', '2016-09-18 22:04:40', '2016-09-18 22:04:40', '5fa4ca88-a5d1-45bc-8b5f-e7ad6ad69f40');



DROP TABLE IF EXISTS `craft_fieldgroups`;


--
-- Schema for table `craft_fieldgroups`
--
CREATE TABLE `craft_fieldgroups` (
  `id` int(11) NOT NULL AUTO_INCREMENT,
  `name` varchar(255) COLLATE utf8_unicode_ci NOT NULL,
  `dateCreated` datetime NOT NULL,
  `dateUpdated` datetime NOT NULL,
  `uid` char(36) COLLATE utf8_unicode_ci NOT NULL DEFAULT '0',
  PRIMARY KEY (`id`),
  UNIQUE KEY `craft_fieldgroups_name_unq_idx` (`name`)
) ENGINE=InnoDB AUTO_INCREMENT=3 DEFAULT CHARSET=utf8 COLLATE=utf8_unicode_ci;

--
-- Data for table `craft_fieldgroups`
--

INSERT INTO `craft_fieldgroups` (`id`, `name`, `dateCreated`, `dateUpdated`, `uid`) VALUES
 ('1', 'Default', '2016-08-26 20:56:35', '2016-08-26 20:56:35', '6785157e-ad55-4209-b307-2fd4a1f3407c'),
 ('2', 'Brews', '2016-09-16 20:22:16', '2016-09-16 20:22:16', '9fcd82d5-6be1-4852-9dcc-b663db94d7ee');



DROP TABLE IF EXISTS `craft_fieldlayoutfields`;


--
-- Schema for table `craft_fieldlayoutfields`
--
CREATE TABLE `craft_fieldlayoutfields` (
  `id` int(11) NOT NULL AUTO_INCREMENT,
  `layoutId` int(11) NOT NULL,
  `tabId` int(11) NOT NULL,
  `fieldId` int(11) NOT NULL,
  `required` tinyint(1) unsigned NOT NULL DEFAULT '0',
  `sortOrder` smallint(6) unsigned DEFAULT NULL,
  `dateCreated` datetime NOT NULL,
  `dateUpdated` datetime NOT NULL,
  `uid` char(36) COLLATE utf8_unicode_ci NOT NULL DEFAULT '0',
  PRIMARY KEY (`id`),
  UNIQUE KEY `craft_fieldlayoutfields_layoutId_fieldId_unq_idx` (`layoutId`,`fieldId`),
  KEY `craft_fieldlayoutfields_sortOrder_idx` (`sortOrder`),
  KEY `craft_fieldlayoutfields_tabId_fk` (`tabId`),
  KEY `craft_fieldlayoutfields_fieldId_fk` (`fieldId`)
) ENGINE=InnoDB AUTO_INCREMENT=19 DEFAULT CHARSET=utf8 COLLATE=utf8_unicode_ci;

--
-- Data for table `craft_fieldlayoutfields`
--

INSERT INTO `craft_fieldlayoutfields` (`id`, `layoutId`, `tabId`, `fieldId`, `required`, `sortOrder`, `dateCreated`, `dateUpdated`, `uid`) VALUES
 ('6', '8', '4', '3', '1', '1', '2016-09-16 20:36:29', '2016-09-16 20:36:29', '2d34c6a1-9f43-42c8-80bb-8373b4856a1f'),
 ('7', '8', '4', '1', '1', '2', '2016-09-16 20:36:29', '2016-09-16 20:36:29', 'cf114444-794e-4b9a-9d11-56355e1dff5d'),
 ('11', '12', '6', '1', '0', '1', '2016-09-16 21:16:05', '2016-09-16 21:16:05', '64e65994-dd5f-4b91-ba8b-dc4c8625cbeb'),
 ('13', '14', '8', '6', '0', '1', '2016-09-18 20:17:18', '2016-09-18 20:17:18', '86e3d317-86b6-4e49-8a81-9edfc34497f5'),
 ('14', '14', '8', '7', '0', '2', '2016-09-18 20:17:18', '2016-09-18 20:17:18', '75a4f791-28e7-45e7-a9c5-eb71a7ae7fde'),
 ('15', '15', '9', '5', '0', '1', '2016-09-18 22:03:39', '2016-09-18 22:03:39', '1e795cdb-fd32-4487-a71c-ca5b027dd9c1'),
 ('16', '15', '9', '3', '0', '2', '2016-09-18 22:03:39', '2016-09-18 22:03:39', '449b7ff7-11bd-4a05-99d1-d98689bf90d9'),
 ('17', '15', '9', '8', '0', '3', '2016-09-18 22:03:39', '2016-09-18 22:03:39', '678eed40-d1f3-432b-bbc9-3676aa2717f6'),
 ('18', '15', '9', '4', '0', '4', '2016-09-18 22:03:39', '2016-09-18 22:03:39', '87e58c98-f537-4a33-bb06-946c2646eec8');



DROP TABLE IF EXISTS `craft_fieldlayouts`;


--
-- Schema for table `craft_fieldlayouts`
--
CREATE TABLE `craft_fieldlayouts` (
  `id` int(11) NOT NULL AUTO_INCREMENT,
  `type` varchar(150) COLLATE utf8_unicode_ci NOT NULL,
  `dateCreated` datetime NOT NULL,
  `dateUpdated` datetime NOT NULL,
  `uid` char(36) COLLATE utf8_unicode_ci NOT NULL DEFAULT '0',
  PRIMARY KEY (`id`),
  KEY `craft_fieldlayouts_type_idx` (`type`)
) ENGINE=InnoDB AUTO_INCREMENT=16 DEFAULT CHARSET=utf8 COLLATE=utf8_unicode_ci;

--
-- Data for table `craft_fieldlayouts`
--

INSERT INTO `craft_fieldlayouts` (`id`, `type`, `dateCreated`, `dateUpdated`, `uid`) VALUES
 ('1', 'Tag', '2016-08-26 20:56:35', '2016-08-26 20:56:35', '109af8a6-f0bd-4821-987d-6b5fb4347ac3'),
 ('8', 'Entry', '2016-09-16 20:36:29', '2016-09-16 20:36:29', 'd7c099db-5591-4925-88e0-a3f5ea250b1a'),
 ('9', 'Asset', '2016-09-16 20:58:03', '2016-09-16 20:58:03', '6c69bd02-746a-41ef-8e3f-1ba120eb58c1'),
 ('12', 'Entry', '2016-09-16 21:16:05', '2016-09-16 21:16:05', 'a4a77818-b1b1-4584-8da2-7fce70838125'),
 ('14', 'Entry', '2016-09-18 20:17:18', '2016-09-18 20:17:18', 'b5c94e2d-a44c-4939-8058-4ff1ddeaf40a'),
 ('15', 'Entry', '2016-09-18 22:03:39', '2016-09-18 22:03:39', '33e4557c-09c0-4bf1-a21b-9853b43b2a02');



DROP TABLE IF EXISTS `craft_fieldlayouttabs`;


--
-- Schema for table `craft_fieldlayouttabs`
--
CREATE TABLE `craft_fieldlayouttabs` (
  `id` int(11) NOT NULL AUTO_INCREMENT,
  `layoutId` int(11) NOT NULL,
  `name` varchar(255) COLLATE utf8_unicode_ci NOT NULL,
  `sortOrder` smallint(6) unsigned DEFAULT NULL,
  `dateCreated` datetime NOT NULL,
  `dateUpdated` datetime NOT NULL,
  `uid` char(36) COLLATE utf8_unicode_ci NOT NULL DEFAULT '0',
  PRIMARY KEY (`id`),
  KEY `craft_fieldlayouttabs_sortOrder_idx` (`sortOrder`),
  KEY `craft_fieldlayouttabs_layoutId_fk` (`layoutId`)
) ENGINE=InnoDB AUTO_INCREMENT=10 DEFAULT CHARSET=utf8 COLLATE=utf8_unicode_ci;

--
-- Data for table `craft_fieldlayouttabs`
--

INSERT INTO `craft_fieldlayouttabs` (`id`, `layoutId`, `name`, `sortOrder`, `dateCreated`, `dateUpdated`, `uid`) VALUES
 ('4', '8', 'News Article Content', '1', '2016-09-16 20:36:29', '2016-09-16 20:36:29', '55323e8d-bf75-419b-b753-6099b501d7b6'),
 ('6', '12', 'Default', '1', '2016-09-16 21:16:05', '2016-09-16 21:16:05', 'e78a98e1-332d-40ca-8574-f27ab5e70419'),
 ('8', '14', 'Content', '1', '2016-09-18 20:17:18', '2016-09-18 20:17:18', '4d944815-b8eb-46bc-9db0-95acbeed38a9'),
 ('9', '15', 'Content', '1', '2016-09-18 22:03:39', '2016-09-18 22:03:39', 'fc97c0c9-ddc6-4fc1-8036-2fc28d86e472');



DROP TABLE IF EXISTS `craft_fields`;


--
-- Schema for table `craft_fields`
--
CREATE TABLE `craft_fields` (
  `id` int(11) NOT NULL AUTO_INCREMENT,
  `groupId` int(11) DEFAULT NULL,
  `name` varchar(255) COLLATE utf8_unicode_ci NOT NULL,
  `handle` varchar(58) COLLATE utf8_unicode_ci NOT NULL,
  `context` varchar(255) COLLATE utf8_unicode_ci NOT NULL DEFAULT 'global',
  `instructions` text COLLATE utf8_unicode_ci,
  `translatable` tinyint(1) unsigned NOT NULL DEFAULT '0',
  `type` varchar(150) COLLATE utf8_unicode_ci NOT NULL,
  `settings` text COLLATE utf8_unicode_ci,
  `dateCreated` datetime NOT NULL,
  `dateUpdated` datetime NOT NULL,
  `uid` char(36) COLLATE utf8_unicode_ci NOT NULL DEFAULT '0',
  PRIMARY KEY (`id`),
  UNIQUE KEY `craft_fields_handle_context_unq_idx` (`handle`,`context`),
  KEY `craft_fields_context_idx` (`context`),
  KEY `craft_fields_groupId_fk` (`groupId`)
) ENGINE=InnoDB AUTO_INCREMENT=9 DEFAULT CHARSET=utf8 COLLATE=utf8_unicode_ci;

--
-- Data for table `craft_fields`
--

INSERT INTO `craft_fields` (`id`, `groupId`, `name`, `handle`, `context`, `instructions`, `translatable`, `type`, `settings`, `dateCreated`, `dateUpdated`, `uid`) VALUES
 ('1', '1', 'Body', 'body', 'global', NULL, '1', 'RichText', '{\"configFile\":\"Standard.json\",\"columnType\":\"text\"}', '2016-08-26 20:56:35', '2016-08-26 20:56:35', '88ccf78b-73a3-481e-9876-8e5c3cd9d182'),
 ('2', '1', 'Tags', 'tags', 'global', NULL, '0', 'Tags', '{\"source\":\"taggroup:1\"}', '2016-08-26 20:56:35', '2016-08-26 20:56:35', '71c358e5-6c00-4f74-81bd-eec43bec03a7'),
 ('3', '2', 'Introduction', 'introduction', 'global', 'Short introduction for this brew.', '0', 'RichText', '{\"configFile\":\"Simple.json\",\"availableAssetSources\":\"*\",\"availableTransforms\":\"*\",\"cleanupHtml\":\"1\",\"purifyHtml\":\"1\",\"columnType\":\"text\"}', '2016-09-16 20:25:56', '2016-09-16 20:25:56', 'c55f2b5c-fb51-4927-a5af-f962fb586a7b'),
 ('4', '2', 'Page Copy', 'pageCopy', 'global', 'Complete copy for this brew.', '0', 'RichText', '{\"configFile\":\"\",\"availableAssetSources\":\"*\",\"availableTransforms\":\"\",\"cleanupHtml\":\"1\",\"purifyHtml\":\"1\",\"columnType\":\"text\"}', '2016-09-16 20:27:09', '2016-09-16 21:06:46', 'a3eefae8-365c-40bb-9546-cf23a999b8f8'),
 ('5', '2', 'Brew Image', 'brewImage', 'global', 'This image is used for both the homepage listing and the Brew entry background', '0', 'Assets', '{\"useSingleFolder\":\"\",\"sources\":[\"folder:1\"],\"defaultUploadLocationSource\":\"1\",\"defaultUploadLocationSubpath\":\"{slug}\",\"singleUploadLocationSource\":\"1\",\"singleUploadLocationSubpath\":\"\",\"restrictFiles\":\"1\",\"allowedKinds\":[\"image\"],\"limit\":\"1\",\"viewMode\":\"large\",\"selectionLabel\":\"Choose a brew image\"}', '2016-09-16 21:05:24', '2016-09-16 21:05:24', '75b89e0e-d787-4bbd-ace0-37ee31679fca'),
 ('6', '1', 'Tagline', 'tagline', 'global', '', '0', 'PlainText', '{\"placeholder\":\"\",\"maxLength\":\"\",\"multiline\":\"\",\"initialRows\":\"4\"}', '2016-09-16 23:01:42', '2016-09-16 23:01:42', '3d7b184f-a0d7-4617-ad60-383469c6499f'),
 ('7', '1', 'Button Collection', 'buttonCollection', 'global', 'Create a collection of call-to-action buttons with URL', '0', 'Table', '{\"columns\":{\"col1\":{\"heading\":\"Button Label\",\"handle\":\"buttonLabel\",\"width\":\"\",\"type\":\"singleline\"},\"col2\":{\"heading\":\"Button URL\",\"handle\":\"buttonUrl\",\"width\":\"\",\"type\":\"singleline\"}},\"defaults\":{\"row1\":{\"col1\":\"\",\"col2\":\"\"}}}', '2016-09-18 20:16:55', '2016-09-18 20:16:55', '2023abbe-669b-42e5-a699-1a0b2e1c10b4'),
 ('8', '2', 'Brew Date', 'brewDate', 'global', 'The date this beer was originally brewed', '0', 'Date', '{\"minuteIncrement\":\"30\",\"showDate\":1,\"showTime\":0}', '2016-09-18 22:03:09', '2016-09-18 22:03:09', 'b3fcbc94-2081-469c-ac9f-c4bc38ee30e8');



DROP TABLE IF EXISTS `craft_globalsets`;


--
-- Schema for table `craft_globalsets`
--
CREATE TABLE `craft_globalsets` (
  `id` int(11) NOT NULL,
  `name` varchar(255) COLLATE utf8_unicode_ci NOT NULL,
  `handle` varchar(255) COLLATE utf8_unicode_ci NOT NULL,
  `fieldLayoutId` int(10) DEFAULT NULL,
  `dateCreated` datetime NOT NULL,
  `dateUpdated` datetime NOT NULL,
  `uid` char(36) COLLATE utf8_unicode_ci NOT NULL DEFAULT '0',
  PRIMARY KEY (`id`),
  UNIQUE KEY `craft_globalsets_name_unq_idx` (`name`),
  UNIQUE KEY `craft_globalsets_handle_unq_idx` (`handle`),
  KEY `craft_globalsets_fieldLayoutId_fk` (`fieldLayoutId`)
) ENGINE=InnoDB DEFAULT CHARSET=utf8 COLLATE=utf8_unicode_ci;

DROP TABLE IF EXISTS `craft_info`;


--
-- Schema for table `craft_info`
--
CREATE TABLE `craft_info` (
  `id` int(11) NOT NULL AUTO_INCREMENT,
  `version` varchar(15) COLLATE utf8_unicode_ci NOT NULL,
  `build` int(11) unsigned NOT NULL,
  `schemaVersion` varchar(15) COLLATE utf8_unicode_ci NOT NULL,
  `releaseDate` datetime NOT NULL,
  `edition` tinyint(1) unsigned NOT NULL DEFAULT '0',
  `siteName` varchar(100) COLLATE utf8_unicode_ci NOT NULL,
  `siteUrl` varchar(255) COLLATE utf8_unicode_ci NOT NULL,
  `timezone` varchar(30) COLLATE utf8_unicode_ci DEFAULT NULL,
  `on` tinyint(1) unsigned NOT NULL DEFAULT '0',
  `maintenance` tinyint(1) unsigned NOT NULL DEFAULT '0',
  `track` varchar(40) COLLATE utf8_unicode_ci NOT NULL,
  `dateCreated` datetime NOT NULL,
  `dateUpdated` datetime NOT NULL,
  `uid` char(36) COLLATE utf8_unicode_ci NOT NULL DEFAULT '0',
  PRIMARY KEY (`id`)
) ENGINE=InnoDB AUTO_INCREMENT=2 DEFAULT CHARSET=utf8 COLLATE=utf8_unicode_ci;

--
-- Data for table `craft_info`
--

INSERT INTO `craft_info` (`id`, `version`, `build`, `schemaVersion`, `releaseDate`, `edition`, `siteName`, `siteUrl`, `timezone`, `on`, `maintenance`, `track`, `dateCreated`, `dateUpdated`, `uid`) VALUES
 ('1', '2.6', '2931', '2.6.6', '2016-09-08 21:48:46', '2', 'Crafty Brewery', 'http://localhost:8888', 'UTC', '1', '0', 'stable', '2016-08-26 20:56:31', '2016-09-09 20:47:10', '275c9871-0ed4-4e03-9098-ea31bdb0d6e0');



DROP TABLE IF EXISTS `craft_locales`;


--
-- Schema for table `craft_locales`
--
CREATE TABLE `craft_locales` (
  `locale` char(12) COLLATE utf8_unicode_ci NOT NULL,
  `sortOrder` smallint(6) unsigned DEFAULT NULL,
  `dateCreated` datetime NOT NULL,
  `dateUpdated` datetime NOT NULL,
  `uid` char(36) COLLATE utf8_unicode_ci NOT NULL DEFAULT '0',
  PRIMARY KEY (`locale`),
  KEY `craft_locales_sortOrder_idx` (`sortOrder`)
) ENGINE=InnoDB DEFAULT CHARSET=utf8 COLLATE=utf8_unicode_ci;

--
-- Data for table `craft_locales`
--

INSERT INTO `craft_locales` (`locale`, `sortOrder`, `dateCreated`, `dateUpdated`, `uid`) VALUES
 ('en_us', '1', '2016-08-26 20:56:31', '2016-08-26 20:56:31', '11c382cf-c2a7-4931-9c38-54247342d511');



DROP TABLE IF EXISTS `craft_matrixblocks`;


--
-- Schema for table `craft_matrixblocks`
--
CREATE TABLE `craft_matrixblocks` (
  `id` int(11) NOT NULL,
  `ownerId` int(11) NOT NULL,
  `fieldId` int(11) NOT NULL,
  `typeId` int(11) DEFAULT NULL,
  `sortOrder` smallint(6) unsigned DEFAULT NULL,
  `ownerLocale` char(12) COLLATE utf8_unicode_ci DEFAULT NULL,
  `dateCreated` datetime NOT NULL,
  `dateUpdated` datetime NOT NULL,
  `uid` char(36) COLLATE utf8_unicode_ci NOT NULL DEFAULT '0',
  PRIMARY KEY (`id`),
  KEY `craft_matrixblocks_ownerId_idx` (`ownerId`),
  KEY `craft_matrixblocks_fieldId_idx` (`fieldId`),
  KEY `craft_matrixblocks_typeId_idx` (`typeId`),
  KEY `craft_matrixblocks_sortOrder_idx` (`sortOrder`),
  KEY `craft_matrixblocks_ownerLocale_fk` (`ownerLocale`)
) ENGINE=InnoDB DEFAULT CHARSET=utf8 COLLATE=utf8_unicode_ci;

DROP TABLE IF EXISTS `craft_matrixblocktypes`;


--
-- Schema for table `craft_matrixblocktypes`
--
CREATE TABLE `craft_matrixblocktypes` (
  `id` int(11) NOT NULL AUTO_INCREMENT,
  `fieldId` int(11) NOT NULL,
  `fieldLayoutId` int(11) DEFAULT NULL,
  `name` varchar(255) COLLATE utf8_unicode_ci NOT NULL,
  `handle` varchar(255) COLLATE utf8_unicode_ci NOT NULL,
  `sortOrder` smallint(6) unsigned DEFAULT NULL,
  `dateCreated` datetime NOT NULL,
  `dateUpdated` datetime NOT NULL,
  `uid` char(36) COLLATE utf8_unicode_ci NOT NULL DEFAULT '0',
  PRIMARY KEY (`id`),
  UNIQUE KEY `craft_matrixblocktypes_name_fieldId_unq_idx` (`name`,`fieldId`),
  UNIQUE KEY `craft_matrixblocktypes_handle_fieldId_unq_idx` (`handle`,`fieldId`),
  KEY `craft_matrixblocktypes_fieldId_fk` (`fieldId`),
  KEY `craft_matrixblocktypes_fieldLayoutId_fk` (`fieldLayoutId`)
) ENGINE=InnoDB DEFAULT CHARSET=utf8 COLLATE=utf8_unicode_ci;

DROP TABLE IF EXISTS `craft_migrations`;


--
-- Schema for table `craft_migrations`
--
CREATE TABLE `craft_migrations` (
  `id` int(11) NOT NULL AUTO_INCREMENT,
  `pluginId` int(11) DEFAULT NULL,
  `version` varchar(255) COLLATE utf8_unicode_ci NOT NULL,
  `applyTime` datetime NOT NULL,
  `dateCreated` datetime NOT NULL,
  `dateUpdated` datetime NOT NULL,
  `uid` char(36) COLLATE utf8_unicode_ci NOT NULL DEFAULT '0',
  PRIMARY KEY (`id`),
  UNIQUE KEY `craft_migrations_version_unq_idx` (`version`),
  KEY `craft_migrations_pluginId_fk` (`pluginId`)
) ENGINE=InnoDB AUTO_INCREMENT=36 DEFAULT CHARSET=utf8 COLLATE=utf8_unicode_ci;

--
-- Data for table `craft_migrations`
--

INSERT INTO `craft_migrations` (`id`, `pluginId`, `version`, `applyTime`, `dateCreated`, `dateUpdated`, `uid`) VALUES
 ('1', NULL, 'm000000_000000_base', '2016-08-26 20:56:31', '2016-08-26 20:56:31', '2016-08-26 20:56:31', '1a1caa13-5525-4084-8234-d7fb1800306c'),
 ('2', NULL, 'm140730_000001_add_filename_and_format_to_transformindex', '2016-08-26 20:56:31', '2016-08-26 20:56:31', '2016-08-26 20:56:31', 'f016a372-d052-4c10-b9bd-dfd5b986c27f'),
 ('3', NULL, 'm140815_000001_add_format_to_transforms', '2016-08-26 20:56:31', '2016-08-26 20:56:31', '2016-08-26 20:56:31', '6a58a1ca-f790-4ff3-b70a-040f2c241905'),
 ('4', NULL, 'm140822_000001_allow_more_than_128_items_per_field', '2016-08-26 20:56:31', '2016-08-26 20:56:31', '2016-08-26 20:56:31', '3281bc9a-2f2c-48fa-8c24-6b309ac62925'),
 ('5', NULL, 'm140829_000001_single_title_formats', '2016-08-26 20:56:31', '2016-08-26 20:56:31', '2016-08-26 20:56:31', '59aeab35-fef9-4921-8da0-6cb501faffa4'),
 ('6', NULL, 'm140831_000001_extended_cache_keys', '2016-08-26 20:56:31', '2016-08-26 20:56:31', '2016-08-26 20:56:31', '928e967f-b160-4192-b9f6-5d1f21623c0a'),
 ('7', NULL, 'm140922_000001_delete_orphaned_matrix_blocks', '2016-08-26 20:56:31', '2016-08-26 20:56:31', '2016-08-26 20:56:31', 'e97a59f9-df91-405a-bf5c-128d0b4adf2d'),
 ('8', NULL, 'm141008_000001_elements_index_tune', '2016-08-26 20:56:31', '2016-08-26 20:56:31', '2016-08-26 20:56:31', 'ceaad177-a566-450b-9246-e2d30cce72af'),
 ('9', NULL, 'm141009_000001_assets_source_handle', '2016-08-26 20:56:31', '2016-08-26 20:56:31', '2016-08-26 20:56:31', 'aa0a0fa4-9521-40d5-88a5-66318d70ba81'),
 ('10', NULL, 'm141024_000001_field_layout_tabs', '2016-08-26 20:56:31', '2016-08-26 20:56:31', '2016-08-26 20:56:31', 'f014ed05-3ea2-416b-b5ae-c075f1cf3cd4'),
 ('11', NULL, 'm141030_000000_plugin_schema_versions', '2016-08-26 20:56:31', '2016-08-26 20:56:31', '2016-08-26 20:56:31', 'cee77aa1-71e5-458a-a455-2d05a31d1893'),
 ('12', NULL, 'm141030_000001_drop_structure_move_permission', '2016-08-26 20:56:31', '2016-08-26 20:56:31', '2016-08-26 20:56:31', 'a9b6a00a-7340-468e-a3ce-607949764c58'),
 ('13', NULL, 'm141103_000001_tag_titles', '2016-08-26 20:56:31', '2016-08-26 20:56:31', '2016-08-26 20:56:31', 'b65fa6d4-04e4-45b8-8a02-677132e144f1'),
 ('14', NULL, 'm141109_000001_user_status_shuffle', '2016-08-26 20:56:31', '2016-08-26 20:56:31', '2016-08-26 20:56:31', '05eaf39b-bd31-44bf-81fa-3e00a36210d7'),
 ('15', NULL, 'm141126_000001_user_week_start_day', '2016-08-26 20:56:31', '2016-08-26 20:56:31', '2016-08-26 20:56:31', '0f718092-4dd8-4bbd-b97b-9358e9f062df'),
 ('16', NULL, 'm150210_000001_adjust_user_photo_size', '2016-08-26 20:56:31', '2016-08-26 20:56:31', '2016-08-26 20:56:31', '53a1b1b6-85bb-4e0d-8196-c9ce6be5c55d'),
 ('17', NULL, 'm150724_000001_adjust_quality_settings', '2016-08-26 20:56:31', '2016-08-26 20:56:31', '2016-08-26 20:56:31', '99b10f38-7f31-4afd-9e47-cf7c5bbece82'),
 ('18', NULL, 'm150827_000000_element_index_settings', '2016-08-26 20:56:31', '2016-08-26 20:56:31', '2016-08-26 20:56:31', '7989fa28-6050-451b-ae97-f2fd5cedbf5c'),
 ('19', NULL, 'm150918_000001_add_colspan_to_widgets', '2016-08-26 20:56:31', '2016-08-26 20:56:31', '2016-08-26 20:56:31', 'b2b149b2-3617-440d-8a91-b43595ca7ee4'),
 ('20', NULL, 'm151007_000000_clear_asset_caches', '2016-08-26 20:56:31', '2016-08-26 20:56:31', '2016-08-26 20:56:31', '8ca9344d-702f-48b8-a646-17bc6da7fdf2'),
 ('21', NULL, 'm151109_000000_text_url_formats', '2016-08-26 20:56:31', '2016-08-26 20:56:31', '2016-08-26 20:56:31', '2e42cb30-914d-4ee0-9fd0-dd1ce43c855a'),
 ('22', NULL, 'm151110_000000_move_logo', '2016-08-26 20:56:31', '2016-08-26 20:56:31', '2016-08-26 20:56:31', 'a0352b6f-f42f-488e-8625-81df642de1db'),
 ('23', NULL, 'm151117_000000_adjust_image_widthheight', '2016-08-26 20:56:31', '2016-08-26 20:56:31', '2016-08-26 20:56:31', '38c4067d-7d0f-4df4-bafd-1c8797605450'),
 ('24', NULL, 'm151127_000000_clear_license_key_status', '2016-08-26 20:56:31', '2016-08-26 20:56:31', '2016-08-26 20:56:31', '77f96ef3-d134-4b93-9880-f3452d5815e4'),
 ('25', NULL, 'm151127_000000_plugin_license_keys', '2016-08-26 20:56:31', '2016-08-26 20:56:31', '2016-08-26 20:56:31', '1ffee9b4-b294-42f4-b62c-17add8ca3843'),
 ('26', NULL, 'm151130_000000_update_pt_widget_feeds', '2016-08-26 20:56:31', '2016-08-26 20:56:31', '2016-08-26 20:56:31', '0af994bf-818e-4fc5-bca8-ac143da07e4b'),
 ('27', NULL, 'm160114_000000_asset_sources_public_url_default_true', '2016-08-26 20:56:31', '2016-08-26 20:56:31', '2016-08-26 20:56:31', '2726be11-2d29-4b37-bdbb-ef80163e24ac'),
 ('28', NULL, 'm160223_000000_sortorder_to_smallint', '2016-08-26 20:56:31', '2016-08-26 20:56:31', '2016-08-26 20:56:31', 'b26e91aa-91a8-4bf1-b479-182b76c52969'),
 ('29', NULL, 'm160229_000000_set_default_entry_statuses', '2016-08-26 20:56:31', '2016-08-26 20:56:31', '2016-08-26 20:56:31', '52538c16-7583-4067-aa7c-43860a613cdb'),
 ('30', NULL, 'm160304_000000_client_permissions', '2016-08-26 20:56:31', '2016-08-26 20:56:31', '2016-08-26 20:56:31', 'e022351c-f4cc-4141-a49c-2c0bd18874ea'),
 ('31', NULL, 'm160322_000000_asset_filesize', '2016-08-26 20:56:31', '2016-08-26 20:56:31', '2016-08-26 20:56:31', '5237b19a-60e4-463e-ae8f-7d7066b93df5'),
 ('32', NULL, 'm160503_000000_orphaned_fieldlayouts', '2016-08-26 20:56:31', '2016-08-26 20:56:31', '2016-08-26 20:56:31', 'b5a4a719-0f07-4152-99a7-03d8280d3510'),
 ('33', NULL, 'm160510_000000_tasksettings', '2016-08-26 20:56:31', '2016-08-26 20:56:31', '2016-08-26 20:56:31', '5e8baf01-f2da-4147-a39d-2ecd172c22d7'),
 ('34', NULL, 'm160829_000000_pending_user_content_cleanup', '2016-09-09 20:47:10', '2016-09-09 20:47:10', '2016-09-09 20:47:10', 'f63b0da5-49d8-4448-803e-3f8918406747'),
 ('35', NULL, 'm160830_000000_asset_index_uri_increase', '2016-09-09 20:47:10', '2016-09-09 20:47:10', '2016-09-09 20:47:10', '3289cf19-4b80-4386-979e-804a6a0f1ad8');



DROP TABLE IF EXISTS `craft_plugins`;


--
-- Schema for table `craft_plugins`
--
CREATE TABLE `craft_plugins` (
  `id` int(11) NOT NULL AUTO_INCREMENT,
  `class` varchar(150) COLLATE utf8_unicode_ci NOT NULL,
  `version` varchar(15) COLLATE utf8_unicode_ci NOT NULL,
  `schemaVersion` varchar(15) COLLATE utf8_unicode_ci DEFAULT NULL,
  `licenseKey` char(24) COLLATE utf8_unicode_ci DEFAULT NULL,
  `licenseKeyStatus` enum('valid','invalid','mismatched','unknown') COLLATE utf8_unicode_ci NOT NULL DEFAULT 'unknown',
  `enabled` tinyint(1) unsigned NOT NULL DEFAULT '0',
  `settings` text COLLATE utf8_unicode_ci,
  `installDate` datetime NOT NULL,
  `dateCreated` datetime NOT NULL,
  `dateUpdated` datetime NOT NULL,
  `uid` char(36) COLLATE utf8_unicode_ci NOT NULL DEFAULT '0',
  PRIMARY KEY (`id`)
) ENGINE=InnoDB DEFAULT CHARSET=utf8 COLLATE=utf8_unicode_ci;

DROP TABLE IF EXISTS `craft_rackspaceaccess`;


--
-- Schema for table `craft_rackspaceaccess`
--
CREATE TABLE `craft_rackspaceaccess` (
  `id` int(11) NOT NULL AUTO_INCREMENT,
  `connectionKey` varchar(255) COLLATE utf8_unicode_ci NOT NULL,
  `token` varchar(255) COLLATE utf8_unicode_ci NOT NULL,
  `storageUrl` varchar(255) COLLATE utf8_unicode_ci NOT NULL,
  `cdnUrl` varchar(255) COLLATE utf8_unicode_ci NOT NULL,
  `dateCreated` datetime NOT NULL,
  `dateUpdated` datetime NOT NULL,
  `uid` char(36) COLLATE utf8_unicode_ci NOT NULL DEFAULT '0',
  PRIMARY KEY (`id`),
  UNIQUE KEY `craft_rackspaceaccess_connectionKey_unq_idx` (`connectionKey`)
) ENGINE=InnoDB DEFAULT CHARSET=utf8 COLLATE=utf8_unicode_ci;

DROP TABLE IF EXISTS `craft_relations`;


--
-- Schema for table `craft_relations`
--
CREATE TABLE `craft_relations` (
  `id` int(11) NOT NULL AUTO_INCREMENT,
  `fieldId` int(11) NOT NULL,
  `sourceId` int(11) NOT NULL,
  `sourceLocale` char(12) COLLATE utf8_unicode_ci DEFAULT NULL,
  `targetId` int(11) NOT NULL,
  `sortOrder` smallint(6) DEFAULT NULL,
  `dateCreated` datetime NOT NULL,
  `dateUpdated` datetime NOT NULL,
  `uid` char(36) COLLATE utf8_unicode_ci NOT NULL DEFAULT '0',
  PRIMARY KEY (`id`),
  UNIQUE KEY `craft_relations_fieldId_sourceId_sourceLocale_targetId_unq_idx` (`fieldId`,`sourceId`,`sourceLocale`,`targetId`),
  KEY `craft_relations_sourceId_fk` (`sourceId`),
  KEY `craft_relations_sourceLocale_fk` (`sourceLocale`),
  KEY `craft_relations_targetId_fk` (`targetId`)
) ENGINE=InnoDB AUTO_INCREMENT=8 DEFAULT CHARSET=utf8 COLLATE=utf8_unicode_ci;

--
-- Data for table `craft_relations`
--

INSERT INTO `craft_relations` (`id`, `fieldId`, `sourceId`, `sourceLocale`, `targetId`, `sortOrder`, `dateCreated`, `dateUpdated`, `uid`) VALUES
 ('5', '5', '14', NULL, '13', '1', '2016-09-18 22:04:09', '2016-09-18 22:04:09', '84661ba9-9a7f-4044-b19a-0793f0a0ff7c'),
 ('6', '5', '12', NULL, '11', '1', '2016-09-18 22:04:25', '2016-09-18 22:04:25', '80e55d4e-3283-4829-9bfe-cda919c55980'),
 ('7', '5', '5', NULL, '4', '1', '2016-09-18 22:04:40', '2016-09-18 22:04:40', '89ddbad1-1fa8-43b1-8038-2e611cb04aad');



DROP TABLE IF EXISTS `craft_routes`;


--
-- Schema for table `craft_routes`
--
CREATE TABLE `craft_routes` (
  `id` int(11) NOT NULL AUTO_INCREMENT,
  `locale` char(12) COLLATE utf8_unicode_ci DEFAULT NULL,
  `urlParts` varchar(255) COLLATE utf8_unicode_ci NOT NULL,
  `urlPattern` varchar(255) COLLATE utf8_unicode_ci NOT NULL,
  `template` varchar(255) COLLATE utf8_unicode_ci NOT NULL,
  `sortOrder` smallint(6) unsigned DEFAULT NULL,
  `dateCreated` datetime NOT NULL,
  `dateUpdated` datetime NOT NULL,
  `uid` char(36) COLLATE utf8_unicode_ci NOT NULL DEFAULT '0',
  PRIMARY KEY (`id`),
  UNIQUE KEY `craft_routes_urlPattern_unq_idx` (`urlPattern`),
  KEY `craft_routes_locale_idx` (`locale`)
) ENGINE=InnoDB DEFAULT CHARSET=utf8 COLLATE=utf8_unicode_ci;

DROP TABLE IF EXISTS `craft_searchindex`;


--
-- Schema for table `craft_searchindex`
--
CREATE TABLE `craft_searchindex` (
  `elementId` int(11) NOT NULL,
  `attribute` varchar(25) COLLATE utf8_unicode_ci NOT NULL,
  `fieldId` int(11) NOT NULL,
  `locale` char(12) COLLATE utf8_unicode_ci NOT NULL,
  `keywords` text COLLATE utf8_unicode_ci NOT NULL,
  PRIMARY KEY (`elementId`,`attribute`,`fieldId`,`locale`),
  FULLTEXT KEY `craft_searchindex_keywords_idx` (`keywords`)
) ENGINE=MyISAM DEFAULT CHARSET=utf8 COLLATE=utf8_unicode_ci;

--
-- Data for table `craft_searchindex`
--

INSERT INTO `craft_searchindex` (`elementId`, `attribute`, `fieldId`, `locale`, `keywords`) VALUES
 ('1', 'username', '0', 'en_us', ' admin '),
 ('1', 'firstname', '0', 'en_us', ' matt '),
 ('1', 'lastname', '0', 'en_us', ' lee '),
 ('1', 'fullname', '0', 'en_us', ' matt lee '),
 ('1', 'email', '0', 'en_us', ' matthewleedesign gmail com '),
 ('1', 'slug', '0', 'en_us', ''),
 ('2', 'slug', '0', 'en_us', ' homepage '),
 ('2', 'title', '0', 'en_us', ' crafty brewery '),
 ('2', 'field', '1', 'en_us', ' it s true this site doesn t have a whole lot of content yet but don t worry our web developers have just installed the cms and they re setting things up for the content editors this very moment soon localhost will be an oasis of fresh perspectives sharp analyses and astute opinions that will keep you coming back again and again '),
 ('3', 'field', '1', 'en_us', ' craft is the cms that s powering localhost it s beautiful powerful flexible and easy to use and it s made by pixel tonic we can t wait to dive in and see what it s capable of this is even more captivating content which you couldn t see on the news index page because it was entered after a page break and the news index template only likes to show the content on the first page craft a nice alternative to word if you re making a website '),
 ('3', 'field', '2', 'en_us', ''),
 ('3', 'slug', '0', 'en_us', ' we just installed craft '),
 ('3', 'title', '0', 'en_us', ' we just installed craft '),
 ('3', 'field', '3', 'en_us', ' intro lorem ipsum '),
 ('4', 'filename', '0', 'en_us', ' beer on table jpg '),
 ('4', 'extension', '0', 'en_us', ' jpg '),
 ('4', 'kind', '0', 'en_us', ' image '),
 ('4', 'slug', '0', 'en_us', ''),
 ('4', 'title', '0', 'en_us', ' beer on table '),
 ('5', 'field', '5', 'en_us', ' beer on table '),
 ('5', 'field', '3', 'en_us', ' intro lorem ipsum '),
 ('5', 'field', '4', 'en_us', ' lorem ipsum dolor sit amet urna vestibulum quod accumsan sed donec risus semper libero orci hendrerit amet commodo nonummy sodales gravida placerat augue id pulvinar consequat congue eros nam felis id nascetur eu mauris tempor nulla molestiae felis in nec volutpat phasellus ipsum ligula vehicula vel cras elit justo in aenean quasi nonummy venenatis natoque integer lectus neque nam lacinia parturient tellus suspendisse arcu magna cras quam orci phasellus sollicitudin fusce blandit quis enim arcu pellentesque id libero molestie ipsum arcu rutrum nulla donec rhoncus neque sociis quam fames varius ultrices fringilla nonummy cursus mauris placerat tortor in ligula in ligula curabitur ut nullam neque nibh suspendisse neque ligula luctus cras eu dapibus magna taciti nulla diam pellentesque euismod feugiat purus '),
 ('5', 'slug', '0', 'en_us', ' victory hop brew '),
 ('5', 'title', '0', 'en_us', ' victory hop brew '),
 ('6', 'field', '1', 'en_us', ' lorem ipsum dolor sit amet urna vestibulum quod accumsan sed donec risus semper libero orci hendrerit amet commodo nonummy sodales gravida placerat augue id pulvinar consequat congue eros nam felis id nascetur eu mauris tempor nulla molestiae felis in nec volutpat phasellus ipsum ligula vehicula vel cras elit justo in aenean quasi nonummy venenatis natoque integer lectus neque nam lacinia parturient tellus suspendisse arcu magna cras quam orci phasellus sollicitudin fusce blandit quis enim arcu pellentesque id libero molestie ipsum arcu rutrum nulla donec rhoncus neque sociis quam fames varius ultrices fringilla nonummy cursus mauris placerat tortor in ligula in ligula curabitur ut nullam neque nibh suspendisse neque ligula luctus cras eu dapibus magna taciti nulla diam pellentesque euismod feugiat purus '),
 ('6', 'slug', '0', 'en_us', ' about '),
 ('6', 'title', '0', 'en_us', ' about crafty brewery '),
 ('7', 'field', '1', 'en_us', ' lorem ipsum dolor sit amet urna vestibulum quod accumsan sed donec risus semper libero orci hendrerit amet commodo nonummy sodales gravida placerat augue id pulvinar consequat congue eros nam felis id nascetur eu mauris tempor nulla molestiae felis in nec volutpat phasellus ipsum ligula vehicula vel cras elit justo in aenean quasi nonummy venenatis natoque integer lectus neque nam lacinia parturient tellus suspendisse arcu magna cras quam orci phasellus sollicitudin fusce blandit quis enim arcu pellentesque id libero molestie ipsum arcu rutrum nulla donec rhoncus neque sociis quam fames varius ultrices fringilla nonummy cursus mauris placerat tortor in ligula in ligula curabitur ut nullam neque nibh suspendisse neque ligula luctus cras eu dapibus magna taciti nulla diam pellentesque euismod feugiat purus '),
 ('7', 'slug', '0', 'en_us', ' offices '),
 ('7', 'title', '0', 'en_us', ' offices '),
 ('8', 'field', '1', 'en_us', ' lorem ipsum dolor sit amet urna vestibulum quod accumsan sed donec risus semper libero orci hendrerit amet commodo nonummy sodales gravida placerat augue id pulvinar consequat congue eros nam felis id nascetur eu mauris tempor nulla molestiae felis in nec volutpat phasellus ipsum ligula vehicula vel cras elit justo in aenean quasi nonummy venenatis natoque integer lectus neque nam lacinia parturient tellus suspendisse arcu magna cras quam orci phasellus sollicitudin fusce blandit quis enim arcu pellentesque id libero molestie ipsum arcu rutrum nulla donec rhoncus neque sociis quam fames varius ultrices fringilla nonummy cursus mauris placerat tortor in ligula in ligula curabitur ut nullam neque nibh suspendisse neque ligula luctus cras eu dapibus magna taciti nulla diam pellentesque euismod feugiat purus '),
 ('8', 'slug', '0', 'en_us', ' austin '),
 ('8', 'title', '0', 'en_us', ' austin tx office '),
 ('9', 'field', '1', 'en_us', ' lorem ipsum dolor sit amet urna vestibulum quod accumsan sed donec risus semper libero orci hendrerit amet commodo nonummy sodales gravida placerat augue id pulvinar consequat congue eros nam felis id nascetur eu mauris tempor nulla molestiae felis in nec volutpat phasellus ipsum ligula vehicula vel cras elit justo in aenean quasi nonummy venenatis natoque integer lectus neque nam lacinia parturient tellus suspendisse arcu magna cras quam orci phasellus sollicitudin fusce blandit quis enim arcu pellentesque id libero molestie ipsum arcu rutrum nulla donec rhoncus neque sociis quam fames varius ultrices fringilla nonummy cursus mauris placerat tortor in ligula in ligula curabitur ut nullam neque nibh suspendisse neque ligula luctus cras eu dapibus magna taciti nulla diam pellentesque euismod feugiat purus '),
 ('9', 'slug', '0', 'en_us', ''),
 ('9', 'title', '0', 'en_us', ' team '),
 ('10', 'field', '1', 'en_us', ' lorem ipsum dolor sit amet urna vestibulum quod accumsan sed donec risus semper libero orci hendrerit amet commodo nonummy sodales gravida placerat augue id pulvinar consequat congue eros nam felis id nascetur eu mauris tempor nulla molestiae felis in nec volutpat phasellus ipsum ligula vehicula vel cras elit justo in aenean quasi nonummy venenatis natoque integer lectus neque nam lacinia parturient tellus suspendisse arcu magna cras quam orci phasellus sollicitudin fusce blandit quis enim arcu pellentesque id libero molestie ipsum arcu rutrum nulla donec rhoncus neque sociis quam fames varius ultrices fringilla nonummy cursus mauris placerat tortor in ligula in ligula curabitur ut nullam neque nibh suspendisse neque ligula luctus cras eu dapibus magna taciti nulla diam pellentesque euismod feugiat purus '),
 ('10', 'slug', '0', 'en_us', ' john doe '),
 ('10', 'title', '0', 'en_us', ' john doe '),
 ('2', 'field', '6', 'en_us', ' if we wrote it down you can brew it at home whoo '),
 ('11', 'filename', '0', 'en_us', ' dark horse tres blueberry stout 2 jpg '),
 ('11', 'extension', '0', 'en_us', ' jpg '),
 ('11', 'kind', '0', 'en_us', ' image '),
 ('11', 'slug', '0', 'en_us', ''),
 ('11', 'title', '0', 'en_us', ' dark horse tres blueberry stout 2 '),
 ('12', 'field', '5', 'en_us', ' dark horse tres blueberry stout 2 '),
 ('12', 'field', '3', 'en_us', ' intro lorem ipsum '),
 ('12', 'field', '4', 'en_us', ' lorem ipsum dolor sit amet urna vestibulum quod accumsan sed donec risus semper libero orci hendrerit amet commodo nonummy sodales gravida placerat augue id pulvinar consequat congue eros nam felis id nascetur eu mauris tempor nulla molestiae felis in nec volutpat phasellus ipsum ligula vehicula vel cras elit justo in aenean quasi nonummy venenatis natoque integer lectus neque nam lacinia parturient tellus suspendisse arcu magna cras quam orci phasellus sollicitudin fusce blandit quis enim arcu pellentesque id libero molestie ipsum arcu rutrum nulla donec rhoncus neque sociis quam fames varius ultrices fringilla nonummy cursus mauris placerat tortor in ligula in ligula curabitur ut nullam neque nibh suspendisse neque ligula luctus cras eu dapibus magna taciti nulla diam pellentesque euismod feugiat purus '),
 ('12', 'slug', '0', 'en_us', ' unabridged stout '),
 ('12', 'title', '0', 'en_us', ' unabridged stout '),
 ('13', 'filename', '0', 'en_us', ' stout jpg '),
 ('13', 'extension', '0', 'en_us', ' jpg '),
 ('13', 'kind', '0', 'en_us', ' image '),
 ('13', 'slug', '0', 'en_us', ''),
 ('13', 'title', '0', 'en_us', ' stout '),
 ('14', 'field', '5', 'en_us', ' stout '),
 ('14', 'field', '3', 'en_us', ' intro lorem ipsum '),
 ('14', 'field', '4', 'en_us', ' lorem ipsum dolor sit amet urna vestibulum quod accumsan sed donec risus semper libero orci hendrerit amet commodo nonummy sodales gravida placerat augue id pulvinar consequat congue eros nam felis id nascetur eu mauris tempor nulla molestiae felis in nec volutpat phasellus ipsum ligula vehicula vel cras elit justo in aenean quasi nonummy venenatis natoque integer lectus neque nam lacinia parturient tellus suspendisse arcu magna cras quam orci phasellus sollicitudin fusce blandit quis enim arcu pellentesque id libero molestie ipsum arcu rutrum nulla donec rhoncus neque sociis quam fames varius ultrices fringilla nonummy cursus mauris placerat tortor in ligula in ligula curabitur ut nullam neque nibh suspendisse neque ligula luctus cras eu dapibus magna taciti nulla diam pellentesque euismod feugiat purus '),
 ('14', 'slug', '0', 'en_us', ' mystery brew '),
 ('14', 'title', '0', 'en_us', ' mystery brew '),
 ('15', 'field', '3', 'en_us', ' lorem ipsum dolor sit amet urna vestibulum quod accumsan sed donec risus semper libero orci hendrerit amet commodo nonummy sodales gravida placerat '),
 ('15', 'field', '1', 'en_us', ' lorem ipsum dolor sit amet urna vestibulum quod accumsan sed donec risus semper libero orci hendrerit amet commodo nonummy sodales gravida placerat augue id pulvinar consequat congue eros nam felis id nascetur eu mauris tempor nulla molestiae felis in nec volutpat phasellus ipsum ligula vehicula vel cras elit justo in aenean quasi nonummy venenatis natoque integer lectus neque nam lacinia parturient tellus suspendisse arcu magna cras quam orci phasellus sollicitudin fusce blandit quis enim arcu pellentesque id libero molestie ipsum arcu rutrum nulla donec rhoncus neque sociis quam fames varius ultrices fringilla nonummy cursus mauris placerat tortor in ligula in ligula curabitur ut nullam neque nibh suspendisse neque ligula luctus cras eu dapibus magna taciti nulla diam pellentesque euismod feugiat purus '),
 ('15', 'slug', '0', 'en_us', ' second news item '),
 ('15', 'title', '0', 'en_us', ' second news item '),
 ('16', 'field', '3', 'en_us', ' augue id pulvinar consequat congue eros nam felis id nascetur eu mauris tempor nulla molestiae felis in nec volutpat phasellus ipsum '),
 ('16', 'field', '1', 'en_us', ' lorem ipsum dolor sit amet urna vestibulum quod accumsan sed donec risus semper libero orci hendrerit amet commodo nonummy sodales gravida placerat augue id pulvinar consequat congue eros nam felis id nascetur eu mauris tempor nulla molestiae felis in nec volutpat phasellus ipsum ligula vehicula vel cras elit justo in aenean quasi nonummy venenatis natoque integer lectus neque nam lacinia parturient tellus suspendisse arcu magna cras quam orci phasellus sollicitudin fusce blandit quis enim arcu pellentesque id libero molestie ipsum arcu rutrum nulla donec rhoncus neque sociis quam fames varius ultrices fringilla nonummy cursus mauris placerat tortor in ligula in ligula curabitur ut nullam neque nibh suspendisse neque ligula luctus cras eu dapibus magna taciti nulla diam pellentesque euismod feugiat purus '),
 ('16', 'slug', '0', 'en_us', ' third news item '),
 ('16', 'title', '0', 'en_us', ' third news item '),
 ('17', 'field', '3', 'en_us', ' nulla donec rhoncus neque sociis quam fames varius ultrices fringilla nonummy cursus mauris placerat tortor in ligula in ligula curabitur '),
 ('17', 'field', '1', 'en_us', ' lorem ipsum dolor sit amet urna vestibulum quod accumsan sed donec risus semper libero orci hendrerit amet commodo nonummy sodales gravida placerat augue id pulvinar consequat congue eros nam felis id nascetur eu mauris tempor nulla molestiae felis in nec volutpat phasellus ipsum ligula vehicula vel cras elit justo in aenean quasi nonummy venenatis natoque integer lectus neque nam lacinia parturient tellus suspendisse arcu magna cras quam orci phasellus sollicitudin fusce blandit quis enim arcu pellentesque id libero molestie ipsum arcu rutrum nulla donec rhoncus neque sociis quam fames varius ultrices fringilla nonummy cursus mauris placerat tortor in ligula in ligula curabitur ut nullam neque nibh suspendisse neque ligula luctus cras eu dapibus magna taciti nulla diam pellentesque euismod feugiat purus '),
 ('17', 'slug', '0', 'en_us', ' fourth news item '),
 ('17', 'title', '0', 'en_us', ' fourth news item '),
 ('2', 'field', '7', 'en_us', ' see our brews brews see our brews brews brew our brews recipes brew our brews recipes '),
 ('14', 'field', '8', 'en_us', ' 2015 02 12 '),
 ('12', 'field', '8', 'en_us', ' 2015 08 20 '),
 ('5', 'field', '8', 'en_us', ' 2009 04 16 ');



DROP TABLE IF EXISTS `craft_sections`;


--
-- Schema for table `craft_sections`
--
CREATE TABLE `craft_sections` (
  `id` int(11) NOT NULL AUTO_INCREMENT,
  `structureId` int(11) DEFAULT NULL,
  `name` varchar(255) COLLATE utf8_unicode_ci NOT NULL,
  `handle` varchar(255) COLLATE utf8_unicode_ci NOT NULL,
  `type` enum('single','channel','structure') COLLATE utf8_unicode_ci NOT NULL DEFAULT 'channel',
  `hasUrls` tinyint(1) unsigned NOT NULL DEFAULT '1',
  `template` varchar(500) COLLATE utf8_unicode_ci DEFAULT NULL,
  `enableVersioning` tinyint(1) unsigned NOT NULL DEFAULT '0',
  `dateCreated` datetime NOT NULL,
  `dateUpdated` datetime NOT NULL,
  `uid` char(36) COLLATE utf8_unicode_ci NOT NULL DEFAULT '0',
  PRIMARY KEY (`id`),
  UNIQUE KEY `craft_sections_name_unq_idx` (`name`),
  UNIQUE KEY `craft_sections_handle_unq_idx` (`handle`),
  KEY `craft_sections_structureId_fk` (`structureId`)
) ENGINE=InnoDB AUTO_INCREMENT=5 DEFAULT CHARSET=utf8 COLLATE=utf8_unicode_ci;

--
-- Data for table `craft_sections`
--

INSERT INTO `craft_sections` (`id`, `structureId`, `name`, `handle`, `type`, `hasUrls`, `template`, `enableVersioning`, `dateCreated`, `dateUpdated`, `uid`) VALUES
 ('1', NULL, 'Homepage', 'homepage', 'single', '1', 'index', '1', '2016-08-26 20:56:35', '2016-08-26 20:56:35', '6be03d8f-05ed-4587-969c-885fd3a78bcd'),
 ('2', NULL, 'News', 'news', 'channel', '1', 'news/_entry', '1', '2016-08-26 20:56:36', '2016-08-26 20:56:36', 'f47a4f1f-adce-4e51-84b7-42fe99789903'),
 ('3', NULL, 'Brews', 'brews', 'channel', '1', 'brews/_entry', '1', '2016-09-16 20:20:33', '2016-09-16 20:20:33', '521a7359-6d3f-4b46-b9ef-8a385c25b250'),
 ('4', '1', 'About Crafty Brewery', 'aboutCraftyBrewery', 'structure', '1', 'about/_entry', '1', '2016-09-16 21:14:24', '2016-09-16 21:14:24', '6538e420-b276-4d0c-ae83-7c2374133ed4');



DROP TABLE IF EXISTS `craft_sections_i18n`;


--
-- Schema for table `craft_sections_i18n`
--
CREATE TABLE `craft_sections_i18n` (
  `id` int(11) NOT NULL AUTO_INCREMENT,
  `sectionId` int(11) NOT NULL,
  `locale` char(12) COLLATE utf8_unicode_ci NOT NULL,
  `enabledByDefault` tinyint(1) unsigned NOT NULL DEFAULT '1',
  `urlFormat` text COLLATE utf8_unicode_ci,
  `nestedUrlFormat` text COLLATE utf8_unicode_ci,
  `dateCreated` datetime NOT NULL,
  `dateUpdated` datetime NOT NULL,
  `uid` char(36) COLLATE utf8_unicode_ci NOT NULL DEFAULT '0',
  PRIMARY KEY (`id`),
  UNIQUE KEY `craft_sections_i18n_sectionId_locale_unq_idx` (`sectionId`,`locale`),
  KEY `craft_sections_i18n_locale_fk` (`locale`)
) ENGINE=InnoDB AUTO_INCREMENT=5 DEFAULT CHARSET=utf8 COLLATE=utf8_unicode_ci;

--
-- Data for table `craft_sections_i18n`
--

INSERT INTO `craft_sections_i18n` (`id`, `sectionId`, `locale`, `enabledByDefault`, `urlFormat`, `nestedUrlFormat`, `dateCreated`, `dateUpdated`, `uid`) VALUES
 ('1', '1', 'en_us', '1', '__home__', NULL, '2016-08-26 20:56:35', '2016-08-26 20:56:35', '11936e87-78d0-4d5f-b09b-0d0b092fb5ae'),
 ('2', '2', 'en_us', '1', 'news/{postDate.year}/{slug}', NULL, '2016-08-26 20:56:36', '2016-08-26 20:56:36', '020b6995-1475-4f98-910a-c2ee632ac03c'),
 ('3', '3', 'en_us', '1', 'brews/{slug}', NULL, '2016-09-16 20:20:33', '2016-09-16 20:20:33', 'c9941308-b994-4e94-8d0b-550bdf08f1e4'),
 ('4', '4', 'en_us', '1', '{slug}', '{parent.uri}/{slug}', '2016-09-16 21:14:24', '2016-09-16 21:14:24', '30f63531-c282-43d2-913f-e60134cd2471');



DROP TABLE IF EXISTS `craft_sessions`;


--
-- Schema for table `craft_sessions`
--
CREATE TABLE `craft_sessions` (
  `id` int(11) NOT NULL AUTO_INCREMENT,
  `userId` int(11) NOT NULL,
  `token` char(100) COLLATE utf8_unicode_ci NOT NULL,
  `dateCreated` datetime NOT NULL,
  `dateUpdated` datetime NOT NULL,
  `uid` char(36) COLLATE utf8_unicode_ci NOT NULL DEFAULT '0',
  PRIMARY KEY (`id`),
  KEY `craft_sessions_uid_idx` (`uid`),
  KEY `craft_sessions_token_idx` (`token`),
  KEY `craft_sessions_dateUpdated_idx` (`dateUpdated`),
  KEY `craft_sessions_userId_fk` (`userId`)
) ENGINE=InnoDB AUTO_INCREMENT=8 DEFAULT CHARSET=utf8 COLLATE=utf8_unicode_ci;

DROP TABLE IF EXISTS `craft_shunnedmessages`;


--
-- Schema for table `craft_shunnedmessages`
--
CREATE TABLE `craft_shunnedmessages` (
  `id` int(11) NOT NULL AUTO_INCREMENT,
  `userId` int(11) NOT NULL,
  `message` varchar(255) COLLATE utf8_unicode_ci NOT NULL,
  `expiryDate` datetime DEFAULT NULL,
  `dateCreated` datetime NOT NULL,
  `dateUpdated` datetime NOT NULL,
  `uid` char(36) COLLATE utf8_unicode_ci NOT NULL DEFAULT '0',
  PRIMARY KEY (`id`),
  UNIQUE KEY `craft_shunnedmessages_userId_message_unq_idx` (`userId`,`message`)
) ENGINE=InnoDB DEFAULT CHARSET=utf8 COLLATE=utf8_unicode_ci;

DROP TABLE IF EXISTS `craft_structureelements`;


--
-- Schema for table `craft_structureelements`
--
CREATE TABLE `craft_structureelements` (
  `id` int(11) NOT NULL AUTO_INCREMENT,
  `structureId` int(11) NOT NULL,
  `elementId` int(11) DEFAULT NULL,
  `root` int(11) unsigned DEFAULT NULL,
  `lft` int(11) unsigned NOT NULL,
  `rgt` int(11) unsigned NOT NULL,
  `level` smallint(6) unsigned NOT NULL,
  `dateCreated` datetime NOT NULL,
  `dateUpdated` datetime NOT NULL,
  `uid` char(36) COLLATE utf8_unicode_ci NOT NULL DEFAULT '0',
  PRIMARY KEY (`id`),
  UNIQUE KEY `craft_structureelements_structureId_elementId_unq_idx` (`structureId`,`elementId`),
  KEY `craft_structureelements_root_idx` (`root`),
  KEY `craft_structureelements_lft_idx` (`lft`),
  KEY `craft_structureelements_rgt_idx` (`rgt`),
  KEY `craft_structureelements_level_idx` (`level`),
  KEY `craft_structureelements_elementId_fk` (`elementId`)
) ENGINE=InnoDB AUTO_INCREMENT=7 DEFAULT CHARSET=utf8 COLLATE=utf8_unicode_ci;

--
-- Data for table `craft_structureelements`
--

INSERT INTO `craft_structureelements` (`id`, `structureId`, `elementId`, `root`, `lft`, `rgt`, `level`, `dateCreated`, `dateUpdated`, `uid`) VALUES
 ('1', '1', NULL, '1', '1', '12', '0', '2016-09-16 21:16:39', '2016-09-16 21:16:39', '366d3e55-857a-42af-b0d6-bda7df6a8b38'),
 ('2', '1', '6', '1', '2', '11', '1', '2016-09-16 21:16:39', '2016-09-16 21:16:39', '667eb9db-2974-4efe-8295-67c7b28ad518'),
 ('3', '1', '7', '1', '3', '6', '2', '2016-09-16 21:17:04', '2016-09-16 21:17:04', '133b1329-9cee-40fc-b930-7697bf1384c7'),
 ('4', '1', '8', '1', '4', '5', '3', '2016-09-16 21:17:30', '2016-09-16 21:17:30', '121ab4dd-fadf-4a65-a5ad-be03c9bc5eb6'),
 ('5', '1', '9', '1', '7', '10', '2', '2016-09-16 21:18:28', '2016-09-16 21:18:28', '3bd4ae5d-0a42-499e-b9ea-20f668d43ff9'),
 ('6', '1', '10', '1', '8', '9', '3', '2016-09-16 21:18:36', '2016-09-16 21:18:36', '2c9525a0-0421-4ee7-915d-3e80bde2da73');



DROP TABLE IF EXISTS `craft_structures`;


--
-- Schema for table `craft_structures`
--
CREATE TABLE `craft_structures` (
  `id` int(11) NOT NULL AUTO_INCREMENT,
  `maxLevels` smallint(6) unsigned DEFAULT NULL,
  `dateCreated` datetime NOT NULL,
  `dateUpdated` datetime NOT NULL,
  `uid` char(36) COLLATE utf8_unicode_ci NOT NULL DEFAULT '0',
  PRIMARY KEY (`id`)
) ENGINE=InnoDB AUTO_INCREMENT=2 DEFAULT CHARSET=utf8 COLLATE=utf8_unicode_ci;

--
-- Data for table `craft_structures`
--

INSERT INTO `craft_structures` (`id`, `maxLevels`, `dateCreated`, `dateUpdated`, `uid`) VALUES
 ('1', NULL, '2016-09-16 21:14:24', '2016-09-16 21:14:24', '1a1dc478-fccf-499e-99d9-0efeba38a3b6');



DROP TABLE IF EXISTS `craft_systemsettings`;


--
-- Schema for table `craft_systemsettings`
--
CREATE TABLE `craft_systemsettings` (
  `id` int(11) NOT NULL AUTO_INCREMENT,
  `category` varchar(15) COLLATE utf8_unicode_ci NOT NULL,
  `settings` text COLLATE utf8_unicode_ci,
  `dateCreated` datetime NOT NULL,
  `dateUpdated` datetime NOT NULL,
  `uid` char(36) COLLATE utf8_unicode_ci NOT NULL DEFAULT '0',
  PRIMARY KEY (`id`),
  UNIQUE KEY `craft_systemsettings_category_unq_idx` (`category`)
) ENGINE=InnoDB AUTO_INCREMENT=2 DEFAULT CHARSET=utf8 COLLATE=utf8_unicode_ci;

--
-- Data for table `craft_systemsettings`
--

INSERT INTO `craft_systemsettings` (`id`, `category`, `settings`, `dateCreated`, `dateUpdated`, `uid`) VALUES
 ('1', 'email', '{\"protocol\":\"php\",\"emailAddress\":\"matthewleedesign@gmail.com\",\"senderName\":\"Crafty Brewery\"}', '2016-08-26 20:56:35', '2016-08-26 20:56:35', '67cc03d7-56b3-41ef-aefc-c9f61774aa00');



DROP TABLE IF EXISTS `craft_taggroups`;


--
-- Schema for table `craft_taggroups`
--
CREATE TABLE `craft_taggroups` (
  `id` int(11) NOT NULL AUTO_INCREMENT,
  `name` varchar(255) COLLATE utf8_unicode_ci NOT NULL,
  `handle` varchar(255) COLLATE utf8_unicode_ci NOT NULL,
  `fieldLayoutId` int(10) DEFAULT NULL,
  `dateCreated` datetime NOT NULL,
  `dateUpdated` datetime NOT NULL,
  `uid` char(36) COLLATE utf8_unicode_ci NOT NULL DEFAULT '0',
  PRIMARY KEY (`id`),
  UNIQUE KEY `craft_taggroups_name_unq_idx` (`name`),
  UNIQUE KEY `craft_taggroups_handle_unq_idx` (`handle`),
  KEY `craft_taggroups_fieldLayoutId_fk` (`fieldLayoutId`)
) ENGINE=InnoDB AUTO_INCREMENT=2 DEFAULT CHARSET=utf8 COLLATE=utf8_unicode_ci;

--
-- Data for table `craft_taggroups`
--

INSERT INTO `craft_taggroups` (`id`, `name`, `handle`, `fieldLayoutId`, `dateCreated`, `dateUpdated`, `uid`) VALUES
 ('1', 'Default', 'default', '1', '2016-08-26 20:56:35', '2016-08-26 20:56:35', '00eb6af8-77ca-4609-8dcd-6db1fe296716');



DROP TABLE IF EXISTS `craft_tags`;


--
-- Schema for table `craft_tags`
--
CREATE TABLE `craft_tags` (
  `id` int(11) NOT NULL,
  `groupId` int(11) NOT NULL,
  `dateCreated` datetime NOT NULL,
  `dateUpdated` datetime NOT NULL,
  `uid` char(36) COLLATE utf8_unicode_ci NOT NULL DEFAULT '0',
  PRIMARY KEY (`id`),
  KEY `craft_tags_groupId_fk` (`groupId`)
) ENGINE=InnoDB DEFAULT CHARSET=utf8 COLLATE=utf8_unicode_ci;

DROP TABLE IF EXISTS `craft_tasks`;


--
-- Schema for table `craft_tasks`
--
CREATE TABLE `craft_tasks` (
  `id` int(11) NOT NULL AUTO_INCREMENT,
  `root` int(11) unsigned DEFAULT NULL,
  `lft` int(11) unsigned NOT NULL,
  `rgt` int(11) unsigned NOT NULL,
  `level` smallint(6) unsigned NOT NULL,
  `currentStep` int(11) unsigned DEFAULT NULL,
  `totalSteps` int(11) unsigned DEFAULT NULL,
  `status` enum('pending','error','running') COLLATE utf8_unicode_ci DEFAULT NULL,
  `type` varchar(150) COLLATE utf8_unicode_ci NOT NULL,
  `description` varchar(255) COLLATE utf8_unicode_ci DEFAULT NULL,
  `settings` mediumtext COLLATE utf8_unicode_ci,
  `dateCreated` datetime NOT NULL,
  `dateUpdated` datetime NOT NULL,
  `uid` char(36) COLLATE utf8_unicode_ci NOT NULL DEFAULT '0',
  PRIMARY KEY (`id`),
  KEY `craft_tasks_root_idx` (`root`),
  KEY `craft_tasks_lft_idx` (`lft`),
  KEY `craft_tasks_rgt_idx` (`rgt`),
  KEY `craft_tasks_level_idx` (`level`)
) ENGINE=InnoDB AUTO_INCREMENT=36 DEFAULT CHARSET=utf8 COLLATE=utf8_unicode_ci;

DROP TABLE IF EXISTS `craft_templatecachecriteria`;


--
-- Schema for table `craft_templatecachecriteria`
--
CREATE TABLE `craft_templatecachecriteria` (
  `id` int(11) NOT NULL AUTO_INCREMENT,
  `cacheId` int(11) NOT NULL,
  `type` varchar(150) COLLATE utf8_unicode_ci NOT NULL,
  `criteria` text COLLATE utf8_unicode_ci NOT NULL,
  PRIMARY KEY (`id`),
  KEY `craft_templatecachecriteria_cacheId_fk` (`cacheId`),
  KEY `craft_templatecachecriteria_type_idx` (`type`)
) ENGINE=InnoDB DEFAULT CHARSET=utf8 COLLATE=utf8_unicode_ci;

DROP TABLE IF EXISTS `craft_templatecacheelements`;


--
-- Schema for table `craft_templatecacheelements`
--
CREATE TABLE `craft_templatecacheelements` (
  `cacheId` int(11) NOT NULL,
  `elementId` int(11) NOT NULL,
  KEY `craft_templatecacheelements_cacheId_fk` (`cacheId`),
  KEY `craft_templatecacheelements_elementId_fk` (`elementId`)
) ENGINE=InnoDB DEFAULT CHARSET=utf8 COLLATE=utf8_unicode_ci;

DROP TABLE IF EXISTS `craft_templatecaches`;


--
-- Schema for table `craft_templatecaches`
--
CREATE TABLE `craft_templatecaches` (
  `id` int(11) NOT NULL AUTO_INCREMENT,
  `cacheKey` varchar(255) COLLATE utf8_unicode_ci NOT NULL,
  `locale` char(12) COLLATE utf8_unicode_ci NOT NULL,
  `path` varchar(255) COLLATE utf8_unicode_ci DEFAULT NULL,
  `expiryDate` datetime NOT NULL,
  `body` mediumtext COLLATE utf8_unicode_ci NOT NULL,
  PRIMARY KEY (`id`),
  KEY `craft_templatecaches_expiryDate_cacheKey_locale_path_idx` (`expiryDate`,`cacheKey`,`locale`,`path`),
  KEY `craft_templatecaches_locale_fk` (`locale`)
) ENGINE=InnoDB DEFAULT CHARSET=utf8 COLLATE=utf8_unicode_ci;

DROP TABLE IF EXISTS `craft_tokens`;


--
-- Schema for table `craft_tokens`
--
CREATE TABLE `craft_tokens` (
  `id` int(11) NOT NULL AUTO_INCREMENT,
  `token` char(32) COLLATE utf8_unicode_ci NOT NULL,
  `route` text COLLATE utf8_unicode_ci,
  `usageLimit` tinyint(3) unsigned DEFAULT NULL,
  `usageCount` tinyint(3) unsigned DEFAULT NULL,
  `expiryDate` datetime NOT NULL,
  `dateCreated` datetime NOT NULL,
  `dateUpdated` datetime NOT NULL,
  `uid` char(36) COLLATE utf8_unicode_ci NOT NULL DEFAULT '0',
  PRIMARY KEY (`id`),
  UNIQUE KEY `craft_tokens_token_unq_idx` (`token`),
  KEY `craft_tokens_expiryDate_idx` (`expiryDate`)
) ENGINE=InnoDB DEFAULT CHARSET=utf8 COLLATE=utf8_unicode_ci;

DROP TABLE IF EXISTS `craft_usergroups`;


--
-- Schema for table `craft_usergroups`
--
CREATE TABLE `craft_usergroups` (
  `id` int(11) NOT NULL AUTO_INCREMENT,
  `name` varchar(255) COLLATE utf8_unicode_ci NOT NULL,
  `handle` varchar(255) COLLATE utf8_unicode_ci NOT NULL,
  `dateCreated` datetime NOT NULL,
  `dateUpdated` datetime NOT NULL,
  `uid` char(36) COLLATE utf8_unicode_ci NOT NULL DEFAULT '0',
  PRIMARY KEY (`id`)
) ENGINE=InnoDB DEFAULT CHARSET=utf8 COLLATE=utf8_unicode_ci;

DROP TABLE IF EXISTS `craft_usergroups_users`;


--
-- Schema for table `craft_usergroups_users`
--
CREATE TABLE `craft_usergroups_users` (
  `id` int(11) NOT NULL AUTO_INCREMENT,
  `groupId` int(11) NOT NULL,
  `userId` int(11) NOT NULL,
  `dateCreated` datetime NOT NULL,
  `dateUpdated` datetime NOT NULL,
  `uid` char(36) COLLATE utf8_unicode_ci NOT NULL DEFAULT '0',
  PRIMARY KEY (`id`),
  UNIQUE KEY `craft_usergroups_users_groupId_userId_unq_idx` (`groupId`,`userId`),
  KEY `craft_usergroups_users_userId_fk` (`userId`)
) ENGINE=InnoDB DEFAULT CHARSET=utf8 COLLATE=utf8_unicode_ci;

DROP TABLE IF EXISTS `craft_userpermissions`;


--
-- Schema for table `craft_userpermissions`
--
CREATE TABLE `craft_userpermissions` (
  `id` int(11) NOT NULL AUTO_INCREMENT,
  `name` varchar(255) COLLATE utf8_unicode_ci NOT NULL,
  `dateCreated` datetime NOT NULL,
  `dateUpdated` datetime NOT NULL,
  `uid` char(36) COLLATE utf8_unicode_ci NOT NULL DEFAULT '0',
  PRIMARY KEY (`id`),
  UNIQUE KEY `craft_userpermissions_name_unq_idx` (`name`)
) ENGINE=InnoDB DEFAULT CHARSET=utf8 COLLATE=utf8_unicode_ci;

DROP TABLE IF EXISTS `craft_userpermissions_usergroups`;


--
-- Schema for table `craft_userpermissions_usergroups`
--
CREATE TABLE `craft_userpermissions_usergroups` (
  `id` int(11) NOT NULL AUTO_INCREMENT,
  `permissionId` int(11) NOT NULL,
  `groupId` int(11) NOT NULL,
  `dateCreated` datetime NOT NULL,
  `dateUpdated` datetime NOT NULL,
  `uid` char(36) COLLATE utf8_unicode_ci NOT NULL DEFAULT '0',
  PRIMARY KEY (`id`),
  UNIQUE KEY `craft_userpermissions_usergroups_permissionId_groupId_unq_idx` (`permissionId`,`groupId`),
  KEY `craft_userpermissions_usergroups_groupId_fk` (`groupId`)
) ENGINE=InnoDB DEFAULT CHARSET=utf8 COLLATE=utf8_unicode_ci;

DROP TABLE IF EXISTS `craft_userpermissions_users`;


--
-- Schema for table `craft_userpermissions_users`
--
CREATE TABLE `craft_userpermissions_users` (
  `id` int(11) NOT NULL AUTO_INCREMENT,
  `permissionId` int(11) NOT NULL,
  `userId` int(11) NOT NULL,
  `dateCreated` datetime NOT NULL,
  `dateUpdated` datetime NOT NULL,
  `uid` char(36) COLLATE utf8_unicode_ci NOT NULL DEFAULT '0',
  PRIMARY KEY (`id`),
  UNIQUE KEY `craft_userpermissions_users_permissionId_userId_unq_idx` (`permissionId`,`userId`),
  KEY `craft_userpermissions_users_userId_fk` (`userId`)
) ENGINE=InnoDB DEFAULT CHARSET=utf8 COLLATE=utf8_unicode_ci;

DROP TABLE IF EXISTS `craft_users`;


--
-- Schema for table `craft_users`
--
CREATE TABLE `craft_users` (
  `id` int(11) NOT NULL,
  `username` varchar(100) COLLATE utf8_unicode_ci NOT NULL,
  `photo` varchar(100) COLLATE utf8_unicode_ci DEFAULT NULL,
  `firstName` varchar(100) COLLATE utf8_unicode_ci DEFAULT NULL,
  `lastName` varchar(100) COLLATE utf8_unicode_ci DEFAULT NULL,
  `email` varchar(255) COLLATE utf8_unicode_ci NOT NULL,
  `password` char(255) COLLATE utf8_unicode_ci DEFAULT NULL,
  `preferredLocale` char(12) COLLATE utf8_unicode_ci DEFAULT NULL,
  `weekStartDay` tinyint(1) unsigned NOT NULL DEFAULT '0',
  `admin` tinyint(1) unsigned NOT NULL DEFAULT '0',
  `client` tinyint(1) unsigned NOT NULL DEFAULT '0',
  `locked` tinyint(1) unsigned NOT NULL DEFAULT '0',
  `suspended` tinyint(1) unsigned NOT NULL DEFAULT '0',
  `pending` tinyint(1) unsigned NOT NULL DEFAULT '0',
  `archived` tinyint(1) unsigned NOT NULL DEFAULT '0',
  `lastLoginDate` datetime DEFAULT NULL,
  `lastLoginAttemptIPAddress` varchar(45) COLLATE utf8_unicode_ci DEFAULT NULL,
  `invalidLoginWindowStart` datetime DEFAULT NULL,
  `invalidLoginCount` tinyint(4) unsigned DEFAULT NULL,
  `lastInvalidLoginDate` datetime DEFAULT NULL,
  `lockoutDate` datetime DEFAULT NULL,
  `verificationCode` char(100) COLLATE utf8_unicode_ci DEFAULT NULL,
  `verificationCodeIssuedDate` datetime DEFAULT NULL,
  `unverifiedEmail` varchar(255) COLLATE utf8_unicode_ci DEFAULT NULL,
  `passwordResetRequired` tinyint(1) unsigned NOT NULL DEFAULT '0',
  `lastPasswordChangeDate` datetime DEFAULT NULL,
  `dateCreated` datetime NOT NULL,
  `dateUpdated` datetime NOT NULL,
  `uid` char(36) COLLATE utf8_unicode_ci NOT NULL DEFAULT '0',
  PRIMARY KEY (`id`),
  UNIQUE KEY `craft_users_username_unq_idx` (`username`),
  UNIQUE KEY `craft_users_email_unq_idx` (`email`),
  KEY `craft_users_verificationCode_idx` (`verificationCode`),
  KEY `craft_users_uid_idx` (`uid`),
  KEY `craft_users_preferredLocale_fk` (`preferredLocale`)
) ENGINE=InnoDB DEFAULT CHARSET=utf8 COLLATE=utf8_unicode_ci;

--
-- Data for table `craft_users`
--

INSERT INTO `craft_users` (`id`, `username`, `photo`, `firstName`, `lastName`, `email`, `password`, `preferredLocale`, `weekStartDay`, `admin`, `client`, `locked`, `suspended`, `pending`, `archived`, `lastLoginDate`, `lastLoginAttemptIPAddress`, `invalidLoginWindowStart`, `invalidLoginCount`, `lastInvalidLoginDate`, `lockoutDate`, `verificationCode`, `verificationCodeIssuedDate`, `unverifiedEmail`, `passwordResetRequired`, `lastPasswordChangeDate`, `dateCreated`, `dateUpdated`, `uid`) VALUES
 ('1', 'admin', NULL, 'Matt', 'Lee', 'matthewleedesign@gmail.com', '$2y$13$xeckuOEotuDLlWbyJd79q.cWbzY2YKuRl0l4wWp2pL.j3/EFgz6Zy', NULL, '0', '1', '0', '0', '0', '0', '0', '2016-09-19 13:07:27', '::1', NULL, NULL, NULL, NULL, NULL, NULL, NULL, '0', '2016-08-26 20:56:33', '2016-08-26 20:56:33', '2016-09-19 13:07:27', '5b1b2ce0-1a19-4af0-a824-7555b6ac1946');



DROP TABLE IF EXISTS `craft_widgets`;


--
-- Schema for table `craft_widgets`
--
CREATE TABLE `craft_widgets` (
  `id` int(11) NOT NULL AUTO_INCREMENT,
  `userId` int(11) NOT NULL,
  `type` varchar(150) COLLATE utf8_unicode_ci NOT NULL,
  `sortOrder` smallint(6) unsigned DEFAULT NULL,
  `colspan` tinyint(4) unsigned DEFAULT NULL,
  `settings` text COLLATE utf8_unicode_ci,
  `enabled` tinyint(1) unsigned NOT NULL DEFAULT '1',
  `dateCreated` datetime NOT NULL,
  `dateUpdated` datetime NOT NULL,
  `uid` char(36) COLLATE utf8_unicode_ci NOT NULL DEFAULT '0',
  PRIMARY KEY (`id`),
  KEY `craft_widgets_userId_fk` (`userId`)
) ENGINE=InnoDB AUTO_INCREMENT=6 DEFAULT CHARSET=utf8 COLLATE=utf8_unicode_ci;

--
-- Data for table `craft_widgets`
--

INSERT INTO `craft_widgets` (`id`, `userId`, `type`, `sortOrder`, `colspan`, `settings`, `enabled`, `dateCreated`, `dateUpdated`, `uid`) VALUES
 ('1', '1', 'RecentEntries', '1', '3', NULL, '1', '2016-08-26 20:56:40', '2016-08-26 21:04:33', 'fec4283f-4d02-489d-83d7-cb0ff769e6a3'),
 ('2', '1', 'GetHelp', '5', NULL, NULL, '1', '2016-08-26 20:56:40', '2016-08-26 21:04:33', '1892e25e-dcdd-465b-a4b3-bc2fa0ff0d04'),
 ('3', '1', 'Updates', '3', NULL, NULL, '1', '2016-08-26 20:56:40', '2016-08-26 21:04:33', '0fa11cc2-05df-4186-9ffd-2f3c153c1409'),
 ('4', '1', 'Feed', '4', NULL, '{\"url\":\"https:\\/\\/craftcms.com\\/news.rss\",\"title\":\"Craft News\"}', '1', '2016-08-26 20:56:40', '2016-08-26 21:04:33', '61e1eae4-36b1-43c7-b33c-88a1931ea580'),
 ('5', '1', 'QuickPost', '2', '3', '{\"section\":\"2\",\"entryType\":\"\"}', '1', '2016-08-26 21:04:21', '2016-08-26 21:04:40', '5098aeb6-3e3b-4a35-8d34-1c9ebbc47dad');


--
-- Constraints for tables
--


--
-- Constraints for table `craft_assetfiles`
--
ALTER TABLE `craft_assetfiles`
	ADD CONSTRAINT `craft_assetfiles_folderId_fk` FOREIGN KEY (`folderId`) REFERENCES `craft_assetfolders` (`id`) ON DELETE CASCADE,
	ADD CONSTRAINT `craft_assetfiles_id_fk` FOREIGN KEY (`id`) REFERENCES `craft_elements` (`id`) ON DELETE CASCADE,
	ADD CONSTRAINT `craft_assetfiles_sourceId_fk` FOREIGN KEY (`sourceId`) REFERENCES `craft_assetsources` (`id`) ON DELETE CASCADE;

--
-- Constraints for table `craft_assetfolders`
--
ALTER TABLE `craft_assetfolders`
	ADD CONSTRAINT `craft_assetfolders_parentId_fk` FOREIGN KEY (`parentId`) REFERENCES `craft_assetfolders` (`id`) ON DELETE CASCADE,
	ADD CONSTRAINT `craft_assetfolders_sourceId_fk` FOREIGN KEY (`sourceId`) REFERENCES `craft_assetsources` (`id`) ON DELETE CASCADE;

--
-- Constraints for table `craft_assetindexdata`
--
ALTER TABLE `craft_assetindexdata`
	ADD CONSTRAINT `craft_assetindexdata_sourceId_fk` FOREIGN KEY (`sourceId`) REFERENCES `craft_assetsources` (`id`) ON DELETE CASCADE;

--
-- Constraints for table `craft_assetsources`
--
ALTER TABLE `craft_assetsources`
	ADD CONSTRAINT `craft_assetsources_fieldLayoutId_fk` FOREIGN KEY (`fieldLayoutId`) REFERENCES `craft_fieldlayouts` (`id`) ON DELETE SET NULL;

--
-- Constraints for table `craft_categories`
--
ALTER TABLE `craft_categories`
	ADD CONSTRAINT `craft_categories_groupId_fk` FOREIGN KEY (`groupId`) REFERENCES `craft_categorygroups` (`id`) ON DELETE CASCADE,
	ADD CONSTRAINT `craft_categories_id_fk` FOREIGN KEY (`id`) REFERENCES `craft_elements` (`id`) ON DELETE CASCADE;

--
-- Constraints for table `craft_categorygroups`
--
ALTER TABLE `craft_categorygroups`
	ADD CONSTRAINT `craft_categorygroups_fieldLayoutId_fk` FOREIGN KEY (`fieldLayoutId`) REFERENCES `craft_fieldlayouts` (`id`) ON DELETE SET NULL,
	ADD CONSTRAINT `craft_categorygroups_structureId_fk` FOREIGN KEY (`structureId`) REFERENCES `craft_structures` (`id`) ON DELETE CASCADE;

--
-- Constraints for table `craft_categorygroups_i18n`
--
ALTER TABLE `craft_categorygroups_i18n`
	ADD CONSTRAINT `craft_categorygroups_i18n_groupId_fk` FOREIGN KEY (`groupId`) REFERENCES `craft_categorygroups` (`id`) ON DELETE CASCADE,
	ADD CONSTRAINT `craft_categorygroups_i18n_locale_fk` FOREIGN KEY (`locale`) REFERENCES `craft_locales` (`locale`) ON DELETE CASCADE ON UPDATE CASCADE;

--
-- Constraints for table `craft_content`
--
ALTER TABLE `craft_content`
	ADD CONSTRAINT `craft_content_elementId_fk` FOREIGN KEY (`elementId`) REFERENCES `craft_elements` (`id`) ON DELETE CASCADE,
	ADD CONSTRAINT `craft_content_locale_fk` FOREIGN KEY (`locale`) REFERENCES `craft_locales` (`locale`) ON DELETE CASCADE ON UPDATE CASCADE;

--
-- Constraints for table `craft_elements_i18n`
--
ALTER TABLE `craft_elements_i18n`
	ADD CONSTRAINT `craft_elements_i18n_elementId_fk` FOREIGN KEY (`elementId`) REFERENCES `craft_elements` (`id`) ON DELETE CASCADE,
	ADD CONSTRAINT `craft_elements_i18n_locale_fk` FOREIGN KEY (`locale`) REFERENCES `craft_locales` (`locale`) ON DELETE CASCADE ON UPDATE CASCADE;

--
-- Constraints for table `craft_emailmessages`
--
ALTER TABLE `craft_emailmessages`
	ADD CONSTRAINT `craft_emailmessages_locale_fk` FOREIGN KEY (`locale`) REFERENCES `craft_locales` (`locale`) ON DELETE CASCADE ON UPDATE CASCADE;

--
-- Constraints for table `craft_entries`
--
ALTER TABLE `craft_entries`
	ADD CONSTRAINT `craft_entries_authorId_fk` FOREIGN KEY (`authorId`) REFERENCES `craft_users` (`id`) ON DELETE CASCADE,
	ADD CONSTRAINT `craft_entries_id_fk` FOREIGN KEY (`id`) REFERENCES `craft_elements` (`id`) ON DELETE CASCADE,
	ADD CONSTRAINT `craft_entries_sectionId_fk` FOREIGN KEY (`sectionId`) REFERENCES `craft_sections` (`id`) ON DELETE CASCADE,
	ADD CONSTRAINT `craft_entries_typeId_fk` FOREIGN KEY (`typeId`) REFERENCES `craft_entrytypes` (`id`) ON DELETE CASCADE;

--
-- Constraints for table `craft_entrydrafts`
--
ALTER TABLE `craft_entrydrafts`
	ADD CONSTRAINT `craft_entrydrafts_creatorId_fk` FOREIGN KEY (`creatorId`) REFERENCES `craft_users` (`id`) ON DELETE CASCADE,
	ADD CONSTRAINT `craft_entrydrafts_entryId_fk` FOREIGN KEY (`entryId`) REFERENCES `craft_entries` (`id`) ON DELETE CASCADE,
	ADD CONSTRAINT `craft_entrydrafts_locale_fk` FOREIGN KEY (`locale`) REFERENCES `craft_locales` (`locale`) ON DELETE CASCADE ON UPDATE CASCADE,
	ADD CONSTRAINT `craft_entrydrafts_sectionId_fk` FOREIGN KEY (`sectionId`) REFERENCES `craft_sections` (`id`) ON DELETE CASCADE;

--
-- Constraints for table `craft_entrytypes`
--
ALTER TABLE `craft_entrytypes`
	ADD CONSTRAINT `craft_entrytypes_fieldLayoutId_fk` FOREIGN KEY (`fieldLayoutId`) REFERENCES `craft_fieldlayouts` (`id`) ON DELETE SET NULL,
	ADD CONSTRAINT `craft_entrytypes_sectionId_fk` FOREIGN KEY (`sectionId`) REFERENCES `craft_sections` (`id`) ON DELETE CASCADE;

--
-- Constraints for table `craft_entryversions`
--
ALTER TABLE `craft_entryversions`
	ADD CONSTRAINT `craft_entryversions_creatorId_fk` FOREIGN KEY (`creatorId`) REFERENCES `craft_users` (`id`) ON DELETE SET NULL,
	ADD CONSTRAINT `craft_entryversions_entryId_fk` FOREIGN KEY (`entryId`) REFERENCES `craft_entries` (`id`) ON DELETE CASCADE,
	ADD CONSTRAINT `craft_entryversions_locale_fk` FOREIGN KEY (`locale`) REFERENCES `craft_locales` (`locale`) ON DELETE CASCADE ON UPDATE CASCADE,
	ADD CONSTRAINT `craft_entryversions_sectionId_fk` FOREIGN KEY (`sectionId`) REFERENCES `craft_sections` (`id`) ON DELETE CASCADE;

--
-- Constraints for table `craft_fieldlayoutfields`
--
ALTER TABLE `craft_fieldlayoutfields`
	ADD CONSTRAINT `craft_fieldlayoutfields_fieldId_fk` FOREIGN KEY (`fieldId`) REFERENCES `craft_fields` (`id`) ON DELETE CASCADE,
	ADD CONSTRAINT `craft_fieldlayoutfields_layoutId_fk` FOREIGN KEY (`layoutId`) REFERENCES `craft_fieldlayouts` (`id`) ON DELETE CASCADE,
	ADD CONSTRAINT `craft_fieldlayoutfields_tabId_fk` FOREIGN KEY (`tabId`) REFERENCES `craft_fieldlayouttabs` (`id`) ON DELETE CASCADE;

--
-- Constraints for table `craft_fieldlayouttabs`
--
ALTER TABLE `craft_fieldlayouttabs`
	ADD CONSTRAINT `craft_fieldlayouttabs_layoutId_fk` FOREIGN KEY (`layoutId`) REFERENCES `craft_fieldlayouts` (`id`) ON DELETE CASCADE;

--
-- Constraints for table `craft_fields`
--
ALTER TABLE `craft_fields`
	ADD CONSTRAINT `craft_fields_groupId_fk` FOREIGN KEY (`groupId`) REFERENCES `craft_fieldgroups` (`id`) ON DELETE CASCADE;

--
-- Constraints for table `craft_globalsets`
--
ALTER TABLE `craft_globalsets`
	ADD CONSTRAINT `craft_globalsets_fieldLayoutId_fk` FOREIGN KEY (`fieldLayoutId`) REFERENCES `craft_fieldlayouts` (`id`) ON DELETE SET NULL,
	ADD CONSTRAINT `craft_globalsets_id_fk` FOREIGN KEY (`id`) REFERENCES `craft_elements` (`id`) ON DELETE CASCADE;

--
-- Constraints for table `craft_matrixblocks`
--
ALTER TABLE `craft_matrixblocks`
	ADD CONSTRAINT `craft_matrixblocks_fieldId_fk` FOREIGN KEY (`fieldId`) REFERENCES `craft_fields` (`id`) ON DELETE CASCADE,
	ADD CONSTRAINT `craft_matrixblocks_id_fk` FOREIGN KEY (`id`) REFERENCES `craft_elements` (`id`) ON DELETE CASCADE,
	ADD CONSTRAINT `craft_matrixblocks_ownerId_fk` FOREIGN KEY (`ownerId`) REFERENCES `craft_elements` (`id`) ON DELETE CASCADE,
	ADD CONSTRAINT `craft_matrixblocks_ownerLocale_fk` FOREIGN KEY (`ownerLocale`) REFERENCES `craft_locales` (`locale`) ON DELETE CASCADE ON UPDATE CASCADE,
	ADD CONSTRAINT `craft_matrixblocks_typeId_fk` FOREIGN KEY (`typeId`) REFERENCES `craft_matrixblocktypes` (`id`) ON DELETE CASCADE;

--
-- Constraints for table `craft_matrixblocktypes`
--
ALTER TABLE `craft_matrixblocktypes`
	ADD CONSTRAINT `craft_matrixblocktypes_fieldId_fk` FOREIGN KEY (`fieldId`) REFERENCES `craft_fields` (`id`) ON DELETE CASCADE,
	ADD CONSTRAINT `craft_matrixblocktypes_fieldLayoutId_fk` FOREIGN KEY (`fieldLayoutId`) REFERENCES `craft_fieldlayouts` (`id`) ON DELETE SET NULL;

--
-- Constraints for table `craft_migrations`
--
ALTER TABLE `craft_migrations`
	ADD CONSTRAINT `craft_migrations_pluginId_fk` FOREIGN KEY (`pluginId`) REFERENCES `craft_plugins` (`id`) ON DELETE CASCADE;

--
-- Constraints for table `craft_relations`
--
ALTER TABLE `craft_relations`
	ADD CONSTRAINT `craft_relations_fieldId_fk` FOREIGN KEY (`fieldId`) REFERENCES `craft_fields` (`id`) ON DELETE CASCADE,
	ADD CONSTRAINT `craft_relations_sourceId_fk` FOREIGN KEY (`sourceId`) REFERENCES `craft_elements` (`id`) ON DELETE CASCADE,
	ADD CONSTRAINT `craft_relations_sourceLocale_fk` FOREIGN KEY (`sourceLocale`) REFERENCES `craft_locales` (`locale`) ON DELETE CASCADE ON UPDATE CASCADE,
	ADD CONSTRAINT `craft_relations_targetId_fk` FOREIGN KEY (`targetId`) REFERENCES `craft_elements` (`id`) ON DELETE CASCADE;

--
-- Constraints for table `craft_routes`
--
ALTER TABLE `craft_routes`
	ADD CONSTRAINT `craft_routes_locale_fk` FOREIGN KEY (`locale`) REFERENCES `craft_locales` (`locale`) ON DELETE CASCADE ON UPDATE CASCADE;

--
-- Constraints for table `craft_sections`
--
ALTER TABLE `craft_sections`
	ADD CONSTRAINT `craft_sections_structureId_fk` FOREIGN KEY (`structureId`) REFERENCES `craft_structures` (`id`) ON DELETE SET NULL;

--
-- Constraints for table `craft_sections_i18n`
--
ALTER TABLE `craft_sections_i18n`
	ADD CONSTRAINT `craft_sections_i18n_locale_fk` FOREIGN KEY (`locale`) REFERENCES `craft_locales` (`locale`) ON DELETE CASCADE ON UPDATE CASCADE,
	ADD CONSTRAINT `craft_sections_i18n_sectionId_fk` FOREIGN KEY (`sectionId`) REFERENCES `craft_sections` (`id`) ON DELETE CASCADE;

--
-- Constraints for table `craft_sessions`
--
ALTER TABLE `craft_sessions`
	ADD CONSTRAINT `craft_sessions_userId_fk` FOREIGN KEY (`userId`) REFERENCES `craft_users` (`id`) ON DELETE CASCADE;

--
-- Constraints for table `craft_shunnedmessages`
--
ALTER TABLE `craft_shunnedmessages`
	ADD CONSTRAINT `craft_shunnedmessages_userId_fk` FOREIGN KEY (`userId`) REFERENCES `craft_users` (`id`) ON DELETE CASCADE;

--
-- Constraints for table `craft_structureelements`
--
ALTER TABLE `craft_structureelements`
	ADD CONSTRAINT `craft_structureelements_elementId_fk` FOREIGN KEY (`elementId`) REFERENCES `craft_elements` (`id`) ON DELETE CASCADE,
	ADD CONSTRAINT `craft_structureelements_structureId_fk` FOREIGN KEY (`structureId`) REFERENCES `craft_structures` (`id`) ON DELETE CASCADE;

--
-- Constraints for table `craft_taggroups`
--
ALTER TABLE `craft_taggroups`
	ADD CONSTRAINT `craft_taggroups_fieldLayoutId_fk` FOREIGN KEY (`fieldLayoutId`) REFERENCES `craft_fieldlayouts` (`id`) ON DELETE SET NULL;

--
-- Constraints for table `craft_tags`
--
ALTER TABLE `craft_tags`
	ADD CONSTRAINT `craft_tags_groupId_fk` FOREIGN KEY (`groupId`) REFERENCES `craft_taggroups` (`id`) ON DELETE CASCADE,
	ADD CONSTRAINT `craft_tags_id_fk` FOREIGN KEY (`id`) REFERENCES `craft_elements` (`id`) ON DELETE CASCADE;

--
-- Constraints for table `craft_templatecachecriteria`
--
ALTER TABLE `craft_templatecachecriteria`
	ADD CONSTRAINT `craft_templatecachecriteria_cacheId_fk` FOREIGN KEY (`cacheId`) REFERENCES `craft_templatecaches` (`id`) ON DELETE CASCADE;

--
-- Constraints for table `craft_templatecacheelements`
--
ALTER TABLE `craft_templatecacheelements`
	ADD CONSTRAINT `craft_templatecacheelements_cacheId_fk` FOREIGN KEY (`cacheId`) REFERENCES `craft_templatecaches` (`id`) ON DELETE CASCADE,
	ADD CONSTRAINT `craft_templatecacheelements_elementId_fk` FOREIGN KEY (`elementId`) REFERENCES `craft_elements` (`id`) ON DELETE CASCADE;

--
-- Constraints for table `craft_templatecaches`
--
ALTER TABLE `craft_templatecaches`
	ADD CONSTRAINT `craft_templatecaches_locale_fk` FOREIGN KEY (`locale`) REFERENCES `craft_locales` (`locale`) ON DELETE CASCADE ON UPDATE CASCADE;

--
-- Constraints for table `craft_usergroups_users`
--
ALTER TABLE `craft_usergroups_users`
	ADD CONSTRAINT `craft_usergroups_users_groupId_fk` FOREIGN KEY (`groupId`) REFERENCES `craft_usergroups` (`id`) ON DELETE CASCADE,
	ADD CONSTRAINT `craft_usergroups_users_userId_fk` FOREIGN KEY (`userId`) REFERENCES `craft_users` (`id`) ON DELETE CASCADE;

--
-- Constraints for table `craft_userpermissions_usergroups`
--
ALTER TABLE `craft_userpermissions_usergroups`
	ADD CONSTRAINT `craft_userpermissions_usergroups_groupId_fk` FOREIGN KEY (`groupId`) REFERENCES `craft_usergroups` (`id`) ON DELETE CASCADE,
	ADD CONSTRAINT `craft_userpermissions_usergroups_permissionId_fk` FOREIGN KEY (`permissionId`) REFERENCES `craft_userpermissions` (`id`) ON DELETE CASCADE;

--
-- Constraints for table `craft_userpermissions_users`
--
ALTER TABLE `craft_userpermissions_users`
	ADD CONSTRAINT `craft_userpermissions_users_permissionId_fk` FOREIGN KEY (`permissionId`) REFERENCES `craft_userpermissions` (`id`) ON DELETE CASCADE,
	ADD CONSTRAINT `craft_userpermissions_users_userId_fk` FOREIGN KEY (`userId`) REFERENCES `craft_users` (`id`) ON DELETE CASCADE;

--
-- Constraints for table `craft_users`
--
ALTER TABLE `craft_users`
	ADD CONSTRAINT `craft_users_id_fk` FOREIGN KEY (`id`) REFERENCES `craft_elements` (`id`) ON DELETE CASCADE,
	ADD CONSTRAINT `craft_users_preferredLocale_fk` FOREIGN KEY (`preferredLocale`) REFERENCES `craft_locales` (`locale`) ON DELETE SET NULL ON UPDATE CASCADE;

--
-- Constraints for table `craft_widgets`
--
ALTER TABLE `craft_widgets`
	ADD CONSTRAINT `craft_widgets_userId_fk` FOREIGN KEY (`userId`) REFERENCES `craft_users` (`id`) ON DELETE CASCADE;

SET FOREIGN_KEY_CHECKS = 1;
